Title,Hovedgruppe[Nr],Hovedgruppe[Titel],Hovedgruppe[Oprettet],Hovedgruppe[Rettet],Hovedgruppe[Filtre],Hovedgruppe[Grupper],Hovedgruppe[Vejledning],Free Text
Hovedgruppe_00,00,Kommunens styrelse,1988-01-01,2011-05-01,"FolkeskolenDelplan,DagtilbudDelplan,KommunalVandDelplan,SaerligStoetteDelplan,JobcenterDelplan","Gruppe_00.01,Gruppe_00.02,Gruppe_00.03,Gruppe_00.04,Gruppe_00.05,Gruppe_00.06,Gruppe_00.07,Gruppe_00.08,Gruppe_00.10,Gruppe_00.11,Gruppe_00.13,Gruppe_00.14,Gruppe_00.15,Gruppe_00.16,Gruppe_00.17,Gruppe_00.18,Gruppe_00.20,Gruppe_00.22,Gruppe_00.24,Gruppe_00.30,Gruppe_00.32,Gruppe_00.34,Gruppe_00.36","
				<p xmlns:xsi=""http://www.w3.org/2001/XMLSchema-instance"">Hovedgruppe 00 'Kommunens styrelse' d&#230;kker sager der vedr&#248;rer styrelsen af kommunen som kommune jf. kommunestyrelsesloven. Det g&#230;lder bl.a. kommunalbestyrelsens konstituering, neds&#230;ttelse af politiske udvalg, forretningsorden, styrelsesvedt&#230;gt, kommunens organisation og &#248;konomiske forvaltning.</p>
				<p xmlns:xsi=""http://www.w3.org/2001/XMLSchema-instance"">Hovedgruppe 00 indeholder ogs&#229; grupper, som ikke naturligt kan indplaceres under de &#248;vrige hovedgrupper. Fx 00.03 'International virksomhed og EU', 00.05 'Bes&#248;g, repr&#230;sentation', 00.10 'Integration og udl&#230;ndinge.'</p>
				<p xmlns:xsi=""http://www.w3.org/2001/XMLSchema-instance"">Sager der g&#229;r p&#229; tv&#230;rs af flere hovedgrupper, indplaceres under 00.01.10 'Opgaver der d&#230;kker flere hovedgrupper', oprettet konkret til dette form&#229;l.</p>
				<p xmlns:xsi=""http://www.w3.org/2001/XMLSchema-instance"">Hovedgruppe 00 omfatter bl.a. sager, der administreres/behandles i henhold til f&#248;lgende lovgivning:</p>
				<p xmlns:xsi=""http://www.w3.org/2001/XMLSchema-instance"">
					<ul>
						<li>BEK af Beredskabsloven (Beredskabsloven)</li>
						<li>BEK af forvaltningsloven (Forvaltningsloven)</li>
						<li>Lov om organisering og underst&#248;ttelse af besk&#230;ftigelsesindsatsen m.v.</li>
						<li>LBK om folkeskolen (Folkeskoleloven)</li>
						<li>LBK om fonde og visse foreninger (Fondsloven)</li>
						<li>LBK om forpligtende kommunale samarbejder</li>
						<li>LBK om fremgangsm&#229;den ved ekspropriation vedr&#248;rende fast ejendom</li>
						<li>LBK om integration af udl&#230;ndinge i Danmark (Integrationsloven)</li>
						<li>LBK om kommunal udligning og generelle tilskud til kommuner (Udligningsloven)</li>
						<li>LBK om kommunernes styrelse (Kommunestyrelsesloven)</li>
						<li>LBK om regionernes finansiering</li>
						<li>LBK om statsgaranti til l&#229;n til fors&#248;gsbyggeri (St&#248;ttet boligbyggeri)</li>
						<li>LBK om ungdomsskoler (Ungdomsskoleloven)</li>
						<li>LBK om &#248;konomisk st&#248;tte til politiske partier m.v. (Partis&#248;tteloven)</li>
						<li>BEK af udl&#230;ndingeloven (Udl&#230;ndingeloven)</li>
						<li>Lov om en satsreguleringsprocent</li>
						<li>Lov om etablering af den selvejende institution Udbetaling Danmark</li>
						<li>Lov om Folketingets Ombudsmand (Ombudsmandsloven)</li>
						<li>Lov om fremme af frit valg for borgerne ved levering af serviceydelser i kommuner og amtskommuner</li>
						<li>Lov om et kvalitetsstyringssystem for den kommunale sagsbehandling p&#229; natur- og milj&#248;omr&#229;det (Kvalitetsstyringsloven)</li>
						<li>Lov om kommunale borgerservicecentre (Borgerservicecenterloven)</li>
						<li>Lov om midlertidig binding af kommunernes og amtskommunernes overskudslikviditet</li>
						<li>Lov om neds&#230;ttelse af statstilskuddet til kommuner ved forh&#248;jelser af kommunale parkeringsindt&#230;gter</li>
						<li>Lov om offentlighed i forvaltningen (Offentlighedsloven)</li>
						<li>Lov om regionale kulturfors&#248;g</li>
						<li>Lov om revision af den kommunale inddeling</li>
						<li>Lov om Udbetaling Danmark (Udbetaling Danmark-loven)</li>
						<li>Lov om videreanvendelse af den offentlige sektors informationer (PSI-loven)</li>
						<li>Lov om &#230;ndringer af landets inddeling i kommuner og regionerog om opl&#248;sning og udpegelse af forpligtende kommunalesamarbejder</li>
						<li>BEK om beregning af satsreguleringsprocenten m.v.</li>
						<li>BEK om deling af kommuner</li>
						<li>BEK om fordeling af aktiver og passiver, rettigheder og pligter og ansatte som f&#248;lge af opgaveflytninger den 1. januar 2007 i forbindelse med kommunalreformen</li>
						<li>BEK om forretningsorden for b&#248;rn og unge-udvalgene</li>
						<li>BEK om kommunal kvalitetskontrakt og opf&#248;lgningsredeg&#248;relse</li>
						<li>BEK om kommunal og regional udbudsstrategi og opf&#248;lgningsredeg&#248;relse</li>
						<li>BEK om kommunens budget- og regnskabsv&#230;sen, revision mv.</li>
						<li>BEK om kommuners l&#229;ntagning og meddelelse af garantier mv.</li>
						<li>BEK om kommunernes mellemv&#230;render med de kommunale forsyningsvirksomheder</li>
						<li>BEK om krav til kvalitetsstyringssystemet for den kommunale sagsbehandling p&#229; natur- og milj&#248;omr&#229;det</li>
						<li>BEK om opg&#248;relse og afregning af kommunal udligning og tilskud til kommunerne for 2012</li>
						<li>BEK om sammenl&#230;gningsudvalgenes og forberedelsesudvalgenes l&#229;ntagning og meddelelse af garantier m.v.</li>
						<li>BEK om sikkerhedsstillelse efter udl&#230;ndingelovens &#167; 9, stk. 4, eller &#167; 9 c, stk. 1, 2. pkt., jf. &#167; 9, stk. 4, til d&#230;kning af offentlige udgifter til hj&#230;lp efter lov om aktiv social politik eller integrationsloven</li>
						<li>BEK om udarbejdelse af integrationskontrakt og om introduktionsprogrammet efter integrationsloven</li>
					</ul>
				</p>
			
		",[[Category:NaN_KLE_Data]]
Hovedgruppe_01,01,Fysisk planlægning og naturbeskyttelse,1988-01-01,2007-08-01,"FolkeskolenDelplan,DagtilbudDelplan,KommunalVandDelplan,PrivatVandDelplan","Gruppe_01.00,Gruppe_01.01,Gruppe_01.02,Gruppe_01.03,Gruppe_01.04,Gruppe_01.05,Gruppe_01.06,Gruppe_01.07,Gruppe_01.09,Gruppe_01.10,Gruppe_01.11,Gruppe_01.12,Gruppe_01.13,Gruppe_01.15,Gruppe_01.16","
				<p xmlns:xsi=""http://www.w3.org/2001/XMLSchema-instance"">Hovedgruppe 01 omfatter bl.a. sager, der administreres/behandles i henhold til f&#248;lgende lovgivning:</p>
				<p xmlns:xsi=""http://www.w3.org/2001/XMLSchema-instance"">
					<ul>
						<li>LBK om afgift af affald og r&#229;stoffer (Affalds- og r&#229;stofafgiftsloven)</li>
						<li>LBK om byfornyelse og udvikling af byer (Byfornyelsesloven)</li>
						<li>LBK om bygningsfredning og bevaring af bygninger</li>
						<li>LBK om drift af landbrugsjorder</li>
						<li>LBK om landbrugsejendomme (Landbrugsloven)</li>
						<li>LBK om mark- og vejfred (Mark- og vejfredsloven)</li>
						<li>LBK om milj&#248;m&#229;l m.v. for vandforekomster og internationale naturbeskyttelsesomr&#229;der (Milj&#248;m&#229;lsloven)</li>
						<li>LBK om naturbeskyttelse (Naturbeskyttelsesloven)</li>
						<li>LBK om planl&#230;gning (Planloven)</li>
						<li>LBK om r&#229;stoffer (R&#229;stofloven)</li>
						<li>LBK om skove (Skovloven)</li>
						<li>LBK om sommerhuse og campering m.v. (Sommerhusloven)</li>
						<li>LBK om udstykning og anden registrering i matriklen (Udstykningsloven)</li>
						<li>BEK af museumsloven (Museumsloven)</li>
						<li>Lov om jordfordeling og offentligt k&#248;b og salg af fast ejendom til jordbrugsm&#230;ssige form&#229;l (Jordfordelingsloven)</li>
						<li>Lov om kolonihaver (Kolonihaveloven)</li>
						<li>Lov om nationalparker</li>
						<li>BEK om anmeldelsesordningen efter naturbeskyttelseslovens &#167; 19 b og skovlovens &#167; 17</li>
						<li>BEK om ans&#248;gning og indberetning om r&#229;stofindvinding p&#229; landjorden og om kommunalbestyrelsens kompetence til at fasts&#230;tte vilk&#229;r for anmeldte rettigheder</li>
						<li>BEK om beskyttede sten- og jorddiger og lignende (Digebekendtg&#248;relsen)</li>
						<li>BEK om beskyttede naturtyper</li>
						<li>BEK om bek&#230;mpelse af k&#230;mpebj&#248;rneklo</li>
						<li>BEK om bygge- og beskyttelseslinjer</li>
						<li>BEK om fredning af Agger Tange mv.</li>
						<li>BEK om godkendelse af visse vejanl&#230;g mv.</li>
						<li>BEK om ikke-erhvervsm&#230;ssig sejlads og anden f&#230;rdsel p&#229; Guden&#229;en med sidevandl&#248;b og s&#248;er fra T&#248;rring til Randers</li>
						<li>BEK om jordk&#248;bsn&#230;vn</li>
						<li>BEK om jordressourcens anvendelse til dyrkning og natur</li>
						<li>BEK om kommunalbestyrelsernes Natura 2000-handleplaner</li>
						<li>BEK om matrikul&#230;re arbejder</li>
						<li>BEK om offentlighedens inddragelse ved store naturforvaltningsprojekter</li>
						<li>BEK om ops&#230;tning af mindre oplysningsskilte, skilte i erhvervsomr&#229;der og reklamer p&#229; idr&#230;tsanl&#230;g m.v. i det &#229;bne land</li>
						<li>BEK om pleje af fredede arealer, om tilsyn og om indberetninger</li>
						<li>BEK om pleje af og tilsyn med fortidsminder (Plejebekendtg&#248;relsen)</li>
						<li>BEK om reglerne i lov om landbrugsejendomme</li>
						<li>BEK om statsrefusion af kommunale udgifter efter lov om byfornyelse og udvikling af byer</li>
						<li>BEK om tilbagebetaling af tilskud i henhold til lov om byfornyelse og udvikling af byer</li>
						<li>BEK om udbetaling af st&#248;tte efter lov om byfornyelse og udvikling af byer</li>
						<li>BEK om udgiftsrammer til bygningsfornyelse og kommunernes brug af BFO &amp; BFU-systemet</li>
						<li>BEK om udpegning af bevaringsv&#230;rdige bygninger i kommuneplanen</li>
						<li>BEK om udstykningskontrollen</li>
						<li>BEK om vurdering af visse offentlige og private anl&#230;gs virkning p&#229; milj&#248;et (VVM) i medf&#248;r af lov om planl&#230;gning</li>
						<li>BEK om vurdering af visse offentlige og private anl&#230;gs virkning p&#229; milj&#248;et (VVM) i medf&#248;r af lov om planl&#230;gning</li>
						<li>BEK om vurdering af visse offentlige og private anl&#230;gs virkning p&#229; milj&#248;et (VVM) i medf&#248;r af lov om planl&#230;gning</li>
					</ul>
				</p>
				<p xmlns:xsi=""http://www.w3.org/2001/XMLSchema-instance"">Sager om antenne- og sendemasters placering journaliseres under gruppe 01.01eller 01.02, alt efter om det er sager om andre myndigheders planer eller sager knyttet til kommuneplan/lokalplan.</p>
			
		",[[Category:NaN_KLE_Data]]
Hovedgruppe_02,02,Byggeri,1988-01-01,2011-05-01,"FolkeskolenDelplan,DagtilbudDelplan,KommunalVandDelplan,PrivatVandDelplan,JobcenterDelplan","Gruppe_02.00,Gruppe_02.01,Gruppe_02.02,Gruppe_02.03,Gruppe_02.04,Gruppe_02.05,Gruppe_02.06,Gruppe_02.07,Gruppe_02.08,Gruppe_02.09,Gruppe_02.10,Gruppe_02.25,Gruppe_02.30,Gruppe_02.32,Gruppe_02.34","
				<p xmlns:xsi=""http://www.w3.org/2001/XMLSchema-instance"">Hovedgruppe 02 omfatter bl.a. sager, der administreres/behandles i henhold til f&#248;lgende lovgivning:</p>
				<p xmlns:xsi=""http://www.w3.org/2001/XMLSchema-instance"">
					<ul>
						<li>BEK af beredskabsloven (Beredskabsloven)</li>
						<li>BEK af byggelov (Byggeloven)</li>
						<li>LBK om bygnings- og boligregistrering (BBR-loven)</li>
						<li>LBK om gasinstallationer og installationer i forbindelse med vand- og afl&#248;bsledninger</li>
						<li>LBK om hegn (Hegnsloven)</li>
						<li>BEK om brandv&#230;rnsforanstaltninger for skorstene og ildsteder</li>
						<li>BEK om offentligg&#248;relse af bygningsreglement 2010 (BR10)</li>
						<li>BEK om tilg&#230;ngelighedsforanstaltninger i forbindelse med ombygninger i eksisterende byggeri</li>
						<li>BEK om videregivelse af data fra Bygnings- og Boligregistret (BBR) og &#248;vrige ejendomsdata (OIS-bekendtg&#248;relsen)</li>
					</ul>
				</p>
			
		",[[Category:NaN_KLE_Data]]
Hovedgruppe_03,03,Boliger,1988-01-01,2011-05-01,"","Gruppe_03.00,Gruppe_03.01,Gruppe_03.02,Gruppe_03.03,Gruppe_03.04,Gruppe_03.05,Gruppe_03.06,Gruppe_03.07,Gruppe_03.08,Gruppe_03.09,Gruppe_03.10,Gruppe_03.11,Gruppe_03.12,Gruppe_03.14,Gruppe_03.15,Gruppe_03.16,Gruppe_03.17,Gruppe_03.18,Gruppe_03.20,Gruppe_03.22,Gruppe_03.25,Gruppe_03.30","
				<p xmlns:xsi=""http://www.w3.org/2001/XMLSchema-instance"">Hovedgruppe 03 omfatter bl.a. sager, der administreres/behandles i henhold til f&#248;lgende lovgivning:</p>
				<p xmlns:xsi=""http://www.w3.org/2001/XMLSchema-instance"">
					<ul>
						<li>LBK om almene boliger (Almenboligloven)</li>
						<li>LBK om andelsboligforeninger og andre boligf&#230;llesskaber (Andelsboligloven)</li>
						<li>LBK om boligbyggeri (Boligbyggeriloven)</li>
						<li>LBK om boliger for &#230;ldre og personer med handicap (&#198;ldreboligloven)</li>
						<li>LBK om friplejeboliger (Friplejeboligloven)</li>
						<li>LBK om integration af udl&#230;ndinge i Danmark (Integrationsloven)</li>
						<li>LBK om kommunal anvisningsret (Anvisningsretsloven)</li>
						<li>LBK om leje (Lejeloven)</li>
						<li>LBK om leje af almene boliger (Almenlejeloven)</li>
						<li>LBK om midlertidig regulering af boligforholdene (Boligreguleringsloven)</li>
						<li>Lov om frig&#248;relse for visse tilskudsbestemmelser (Frig&#248;relsesloven)</li>
						<li>Lov om statstilskud til omstilling af elopvarmede bygninger</li>
						<li>Lov om st&#248;ttede private ungdomsboliger (Ungdomsboligloven)</li>
						<li>Lov om &#230;ndring af lov om statstilskud til energibesparende foranstaltninger i pensionisters boliger og lov om statstilskud til omstilling af &#230;ldre boliger til kraftvarme</li>
						<li>BEK om betaling fra 1. januar 2011 for ophold i midlertidige indkvarteringer og opholdssteder</li>
						<li>BEK om boligplacering af flygtninge</li>
						<li>BEK om bygningsdrift</li>
						<li>BEK om drift af almene boliger m.v.</li>
						<li>BEK om drift og tilsyn med boliger og hjem for gamle, syge og svagelige samt lette kollektivboliger</li>
						<li>BEK om eftersyn af byggerier og renoveringer under Byggeskadefonden</li>
						<li>BEK om etablering af friplejeboliger</li>
						<li>BEK om sideaktiviteter i almene boligorganisationer m.v.</li>
						<li>BEK om statstilskud til omstilling af elopvarmede bygninger</li>
						<li>BEK om st&#248;tte til almene boliger m.v.</li>
						<li>BEK om st&#248;ttede private ungdomsboliger</li>
						<li>BEK om udlejning af almene boliger m.v.</li>
					</ul>
				</p>
			
		",[[Category:NaN_KLE_Data]]
Hovedgruppe_04,04,Parker, fritids-/idrætsanlæg og landskabspleje mv.,1988-01-01,2003-08-01,"FolkeskolenDelplan,DagtilbudDelplan,KommunalVandDelplan","Gruppe_04.00,Gruppe_04.01,Gruppe_04.02,Gruppe_04.03,Gruppe_04.04,Gruppe_04.05,Gruppe_04.06,Gruppe_04.07,Gruppe_04.08,Gruppe_04.09,Gruppe_04.10,Gruppe_04.11,Gruppe_04.12,Gruppe_04.13,Gruppe_04.14,Gruppe_04.15,Gruppe_04.16,Gruppe_04.18,Gruppe_04.20,Gruppe_04.21,Gruppe_04.30,Gruppe_04.31","
				<p xmlns:xsi=""http://www.w3.org/2001/XMLSchema-instance"">Hovedgruppe 04 omfatter bl.a. sager, der administreres/behandles i henhold til f&#248;lgende lovgivning:</p>
				<p xmlns:xsi=""http://www.w3.org/2001/XMLSchema-instance"">
					<ul>
						<li>LBK om bestyrelse og brug af folkekirkens kirker m.m.</li>
						<li>LBK om folkekirkens kirkebygninger og kirkeg&#229;rde</li>
						<li>LBK om kystbeskyttelse (Kystbeskyttelsesloven)</li>
						<li>LBK om l&#230;hegn og tilskud til l&#230;plantning</li>
						<li>LBK om skove (Skovloven)</li>
						<li>LBK om sommerhuse og campering m.v. (Sommerhusloven)</li>
						<li>LBK om st&#248;tte til jordbrugets strukturudvikling og til &#248;kologisk produktion inden for jordbrug og fiskeri m.v.</li>
						<li>Lov om begravelse og ligbr&#230;nding (Begravelsesloven)</li>
						<li>Lov om udvikling af landdistrikterne (Landdistriktsloven)</li>
						<li>BEK om bade- og b&#229;debroer (Bade/b&#229;debro-bekendtg&#248;relsen)</li>
						<li>BEK om drift af lokale aktionsgrupper under landdistriktsprogrammet for perioden 2007-2013 samt om delegation af visse af ministeren for by, bolig og landdistrikters bef&#248;jelser efter lov om udvikling af landdistrikterne</li>
						<li>BEK om offentlighedens adgang til at f&#230;rdes og opholde sig i naturen (Adgangsbekendtg&#248;relsen)</li>
						<li>BEK om tilladelse til udlejning af arealer til campering og om indretning og benyttelse af campingpladser (Campingreglement)</li>
						<li>BEK om tilskud til milj&#248;venlige jordbrugsforanstaltninger (MVJ-bekendtg&#248;relsen)</li>
						<li>BEK om vurdering og risikostyring for oversv&#248;mmelser fra havet, fjorde eller andre dele af s&#248;territoriet</li>
					</ul>
				</p>
				<p xmlns:xsi=""http://www.w3.org/2001/XMLSchema-instance"">I hovedgruppe 04 placeres sager om kommunens virksomhed/aktiviteter i forbindelse med parker, fritids-/idr&#230;tsanl&#230;g og landskabspleje. Det ressourcem&#230;ssige (fx bygnings- og personalem&#230;ssige) placeres i 80&#8217;er-grupperne.</p>
			
		",[[Category:NaN_KLE_Data]]
Hovedgruppe_05,05,Veje og trafik,1988-01-01,,"FolkeskolenDelplan,DagtilbudDelplan,KommunalVandDelplan,PrivatVandDelplan","Gruppe_05.00,Gruppe_05.01,Gruppe_05.02,Gruppe_05.03,Gruppe_05.04,Gruppe_05.05,Gruppe_05.06,Gruppe_05.07,Gruppe_05.08,Gruppe_05.09,Gruppe_05.10,Gruppe_05.11,Gruppe_05.12,Gruppe_05.13,Gruppe_05.14,Gruppe_05.18,Gruppe_05.23,Gruppe_05.26","
				<p xmlns:xsi=""http://www.w3.org/2001/XMLSchema-instance"">Hovedgruppe 05 omfatter bl.a. sager, der administreres/behandles i henhold til f&#248;lgende lovgivning:</p>
				<p xmlns:xsi=""http://www.w3.org/2001/XMLSchema-instance"">
					<ul>
						<li>BEK af f&#230;rdselslov (F&#230;rdselsloven)</li>
						<li>LBK om bygnings- og boligregistrering (BBR-loven)</li>
						<li>LBK om graveadgang og ekspropriation m.v. til telekommunikationsform&#229;l</li>
						<li>LBK om grundejerbidrag til offentlige veje (Vejbidragsloven)</li>
						<li>LBK om private f&#230;llesveje (Privatvejsloven)</li>
						<li>LBK om offentlige veje (Vejloven)</li>
						<li>LBK om tv-overv&#229;gning (TV-overv&#229;gningsloven)</li>
						<li>LBK om vintervedligeholdelse og renholdelse af veje</li>
						<li>Lov om behandling af personoplysninger (Persondataloven)</li>
						<li>BEK om anbringelse af beholdere og lignende genstande p&#229; vej</li>
						<li>BEK om anvendelse af vejafm&#230;rkning</li>
						<li>BEK om kommunal parkeringskontrol</li>
						<li>BEK om parkeringsskiver (Parkeringsskivebekendtg&#248;relsen)</li>
						<li>BEK om s&#230;rtransport (S&#230;rtransportbekndtg&#248;relsen)</li>
						<li>BEK om vejafm&#230;rkning</li>
						<li>BEK om vejnavnes entydighed mv.</li>
						<li>Cirkul&#230;re om lov om offentlige veje</li>
					</ul>
				</p>
			
		",[[Category:NaN_KLE_Data]]
Hovedgruppe_06,06,Spildevand og vandløb,1988-01-01,2011-05-01,"KommunalVandDelplan,PrivatVandDelplan","Gruppe_06.00,Gruppe_06.01,Gruppe_06.02,Gruppe_06.03,Gruppe_06.04,Gruppe_06.05,Gruppe_06.06,Gruppe_06.07,Gruppe_06.08,Gruppe_06.09,Gruppe_06.10,Gruppe_06.11,Gruppe_06.15,Gruppe_06.20","
				<p xmlns:xsi=""http://www.w3.org/2001/XMLSchema-instance"">Hovedgruppe 06 omfatter bl.a. sager, der administreres/behandles i henhold til f&#248;lgende lovgivning:</p>
				<p xmlns:xsi=""http://www.w3.org/2001/XMLSchema-instance"">
					<ul>
						<li>LBK om betalingsregler for spildevandsanl&#230;g m.v. (Betalingsloven)</li>
						<li>LBK om milj&#248;beskyttelse (Milj&#248;beskyttelsesloven)</li>
						<li>LBK om okker (Okkerloven)</li>
						<li>LBK om vandl&#248;b (Vandl&#248;bsloven)</li>
						<li>Lov om privat bortskaffelse af spildevand p&#229; Sejer&#248; og andre sm&#229;&#248;er og i omr&#229;der med spredt bebyggelse</li>
						<li>BEK om godkendelse til udgr&#248;ftning og dr&#230;ning samt st&#248;tte til bek&#230;mpelse af okkergener</li>
						<li>BEK om ikrafttr&#230;den af lov om &#230;ndring af fiskeriloven og oph&#230;velse af lov om ferskvandsfiskeri</li>
						<li>BEK om klassifikation og registrering af vandl&#248;b og om regulativer for offentlige vandl&#248;b</li>
						<li>BEK om milj&#248;kvalitetskrav for vandomr&#229;der og krav til udledning af forurenende stoffer til vandl&#248;b, s&#248;er eller havet</li>
						<li>BEK om regulativer for offentlige vandl&#248;b</li>
						<li>BEK om spildevandstilladelser m.v. efter milj&#248;beskyttelseslovens kapitel 3 og 4 (Spildevandsbekendtg&#248;relsen)</li>
						<li>BEK om typegodkendelsesordning for minirenseanl&#230;g</li>
						<li>BEK om vandl&#248;bsregulering og -restaurering mv.</li>
					</ul>
				</p>
			
		",[[Category:NaN_KLE_Data]]
Hovedgruppe_07,07,Affald og genanvendelse,1988-01-01,,"FolkeskolenDelplan,DagtilbudDelplan,KommunalVandDelplan","Gruppe_07.00,Gruppe_07.01,Gruppe_07.02,Gruppe_07.03,Gruppe_07.04,Gruppe_07.05,Gruppe_07.06,Gruppe_07.08,Gruppe_07.10,Gruppe_07.11,Gruppe_07.13,Gruppe_07.14,Gruppe_07.15,Gruppe_07.16,Gruppe_07.17,Gruppe_07.18,Gruppe_07.20,Gruppe_07.22,Gruppe_07.26","
				<p xmlns:xsi=""http://www.w3.org/2001/XMLSchema-instance"">Hovedgruppe 07 omfatter bl.a. sager, der administreres/behandles i henhold til f&#248;lgende lovgivning:</p>
				<p xmlns:xsi=""http://www.w3.org/2001/XMLSchema-instance"">
					<ul>
						<li>LBK om afgift af affald og r&#229;stoffer (Affalds- og r&#229;stofafgiftsloven)</li>
						<li>LBK om apoteksvirksomhed (Apotekerloven)</li>
						<li>LBK om milj&#248;beskyttelse (Milj&#248;beskyttelsesloven)</li>
						<li>BEK om affald (Affaldsbekendtg&#248;relsen)</li>
						<li>BEK om anvendelse af affaldsprodukter til jordbrugsform&#229;l (Slambekendtg&#248;relsen)</li>
						<li>BEK om anvendelse af bioaske til jordbrugsform&#229;l (Bioaskebekendtg&#248;relsen)</li>
						<li>BEK om anvendelse af restprodukter og jord til bygge- og anl&#230;gsarbejder og om anvendelse af sorteret, uforurenet bygge- og anl&#230;gsaffald</li>
						<li>BEK om asbest</li>
						<li>BEK om batterier og akkumulatorer og udtjente batterier og akkumulatorer</li>
						<li>BEK om opkr&#230;vning af milj&#248;bidrag samt udbetaling af godtg&#248;relse i forbindelse med ophugning og skrotning af biler</li>
						<li>BEK om p&#229;fyldning og vask m.v. af spr&#248;jter til udbringning af plantebeskyttelsesmidler</li>
						<li>BEK om h&#229;ndtering af affald af elektrisk og elektronisk udstyr (Elektronikaffaldsbekendtg&#248;relsen)</li>
						<li>BEK om h&#229;ndtering af affald i form af motordrevne k&#248;ret&#248;jer og affaldsfraktioner herfra (Bilskrotbekendtg&#248;relsen)</li>
						<li>BEK om pant p&#229; og indsamling m.v. af emballager til &#248;l og visse l&#230;skedrikke (Pantbekendtg&#248;relsen)</li>
						<li>BEK om tilsyn med spildevandsslam m.m. til jordbrugsform&#229;l</li>
						<li>BEK om vurdering af visse offentlige og private anl&#230;gs virkning p&#229; milj&#248;et (VVM) i medf&#248;r af lov om planl&#230;gning</li>
					</ul>
				</p>
			
		",[[Category:NaN_KLE_Data]]
Hovedgruppe_08,08,Havne og lufthavne,1988-01-01,,"KommunalVandDelplan","Gruppe_08.00,Gruppe_08.01,Gruppe_08.02,Gruppe_08.03,Gruppe_08.04,Gruppe_08.05,Gruppe_08.06,Gruppe_08.07,Gruppe_08.08,Gruppe_08.10,Gruppe_08.13,Gruppe_08.14,Gruppe_08.20,Gruppe_08.25","
				<p xmlns:xsi=""http://www.w3.org/2001/XMLSchema-instance"">Hovedgruppe 08 omfatter bl.a. sager, der administreres/behandles i henhold til f&#248;lgende lovgivning:</p>
				<p xmlns:xsi=""http://www.w3.org/2001/XMLSchema-instance"">
					<ul>
						<li>BEK af lodsloven (Lodsloven)</li>
						<li>LBK om havne</li>
						<li>LBK om luftfart</li>
						<li>BEK om anvendelse af lods</li>
						<li>BEK om sikring af havne og havnefaciliteter</li>
						<li>BEK om standardreglement for overholdelse af orden i danske erhvervshavne</li>
					</ul>
				</p>
				<p xmlns:xsi=""http://www.w3.org/2001/XMLSchema-instance"">Journalgrupperne i hovedgruppe 08 omfatter bl.a. sager, der administreres/behandles i henhold til Lov om havne.</p>
				<p xmlns:xsi=""http://www.w3.org/2001/XMLSchema-instance"">08-gruppen anvendes ved samtlige kategorier af kommunale havne, idet det v&#230;sentlige er emnerne, der er ens, uanset om havnen kaldes det ene eller det andet.</p>
				<p xmlns:xsi=""http://www.w3.org/2001/XMLSchema-instance"">
					<ul>
						<li>Arkiveringsm&#230;ssigt kan de enkelte havne holdes adskilt ved at p&#229;f&#248;re anden identifikation (fx &#187;lystb&#229;dehavnen&#171;, &#187;trafikhavnen&#171; osv.)</li>
						<li>Modtageordninger i havne journaliseres med nummer 09.05.10. Begrundelsen for en placering i 09-hovedgruppen er, at hovedproblemstillingen er milj&#248;m&#230;ssig, idet ordningen skal medvirke til at beskytte havmilj&#248;et.</li>
						<li>Statshavne journaliseres med nummer 30.10.40.</li>
					</ul>
				</p>
			
		",[[Category:NaN_KLE_Data]]
Hovedgruppe_09,09,Miljøbeskyttelse,1988-01-01,,"FolkeskolenDelplan,DagtilbudDelplan,KommunalVandDelplan,PrivatVandDelplan","Gruppe_09.00,Gruppe_09.01,Gruppe_09.02,Gruppe_09.03,Gruppe_09.04,Gruppe_09.05,Gruppe_09.06,Gruppe_09.07,Gruppe_09.08,Gruppe_09.09,Gruppe_09.10,Gruppe_09.11,Gruppe_09.12,Gruppe_09.13,Gruppe_09.14,Gruppe_09.15,Gruppe_09.16,Gruppe_09.17,Gruppe_09.18,Gruppe_09.19,Gruppe_09.20,Gruppe_09.23,Gruppe_09.25,Gruppe_09.27,Gruppe_09.30,Gruppe_09.35","
				<p xmlns:xsi=""http://www.w3.org/2001/XMLSchema-instance"">Hovedgruppe 09 omfatter bl.a. sager, der administreres/behandles i henhold til f&#248;lgende lovgivning:</p>
				<p xmlns:xsi=""http://www.w3.org/2001/XMLSchema-instance"">
					<ul>
						<li>LBK om drift af landbrugsjorder</li>
						<li>LBK om hold af dyr</li>
						<li>LBK om jagt og vildtforvaltning (Jagtloven)</li>
						<li>LBK om kemiske stoffer og produkter (Kemikalieloven)</li>
						<li>LBK om milj&#248; og genteknologi</li>
						<li>LBK om milj&#248;beskyttelse (Milj&#248;beskyttelsesloven)</li>
						<li>LBK om milj&#248;godkendelse m.v. af husdyrbrug (Husdyrgodkendelsesloven)</li>
						<li>LBK om milj&#248;m&#229;l m.v. for vandforekomster og internationale naturbeskyttelsesomr&#229;der (Milj&#248;m&#229;lsloven)</li>
						<li>LBK om st&#248;tte til milj&#248;forbedrende investeringer i mindre landbrug mv.</li>
						<li>LBK om vandforsyning m.v. (Vandforsyningsloven)</li>
						<li>Lov om beskyttelse af havmilj&#248;et (Havmilj&#248;loven)</li>
						<li>Lov om forurenet jord (Jordforureningsloven)</li>
						<li>Lov om havstrategi</li>
						<li>Lov om milj&#248;st&#248;tte (St&#248;tteloven, Milj&#248;st&#248;tteloven)</li>
						<li>Lov om milj&#248;vurdering af planer og programmer</li>
						<li>Lov om unders&#248;gelse, forebyggelse og afhj&#230;lpning af milj&#248;skader (Milj&#248;skadeloven)</li>
						<li>Lov om &#230;ndring af lov om st&#248;tte til milj&#248;forbedrende investeringer i mindre landbrug m.v. og af lov om &#230;ndring af lov om skattem&#230;ssige afskrivninger m.v.</li>
						<li>BEK om anmeldelse og dokumentation i forbindelse med flytning af jord (Jordflytningsbekendtg&#248;relsen)</li>
						<li>BEK om anvendelse af restprodukter og jord til bygge- og anl&#230;gsarbejder og om anvendelse af sorteret, uforurenet bygge- og anl&#230;gsaffald</li>
						<li>BEK om badevand og badeomr&#229;der</li>
						<li>BEK om begr&#230;nsning af emissionen af flygtige organiske forbindelser fra anvendelse af organiske opl&#248;sningsmidler i visse aktiviteter og anl&#230;g (VOC-bekendtg&#248;relsen)</li>
						<li>BEK om bek&#230;mpelse af rotter m.v.</li>
						<li>BEK om bek&#230;mpelsesmidler (Bek&#230;mpelsesmiddelbekendtg&#248;relsen)</li>
						<li>BEK om beretninger om milj&#248;tilsyn og milj&#248;godkendelser</li>
						<li>BEK om brugerbetaling for godkendelse og tilsyn efter lov om milj&#248;beskyttelse og lov om milj&#248;godkendelse m.v. af husdyrbrug</li>
						<li>BEK om definition af lettere forurenet jord</li>
						<li>BEK om etablering og drift af renserier (Renseribekendtg&#248;relsen)</li>
						<li>BEK om erhvervsm&#230;ssigt dyrehold, husdyrg&#248;dning, ensilage mv. (Husdyrg&#248;dningsbekendtg&#248;relsen)</li>
						<li>BEK om forbud mod markafbr&#230;nding af halm mv.</li>
						<li>BEK om godkendelse af listevirksomhed (Godkendelsesbekendtg&#248;relsen)</li>
						<li>BEK om indretning, etablering og drift af olietanke, r&#248;rsystemer og pipelines (Olietankbekendtg&#248;relsen)</li>
						<li>BEK om indsatsplaner</li>
						<li>BEK om jordvarmeanl&#230;g</li>
						<li>BEK om klassificering, emballering, m&#230;rkning, salg og opbevaring af kemiske stoffer og produkter (Klassificeringsbekendtg&#248;relsen)</li>
						<li>BEK om kontrol af beholdere for flydende husdyrg&#248;dning, ensilagesaft eller spildevand</li>
						<li>BEK om kontrol med risikoen for st&#248;rre uheld med farlige stoffer (Risikobekendtg&#248;relsen)</li>
						<li>BEK om kortl&#230;gning af ekstern st&#248;j og udarbejdelse af st&#248;jhandlingsplaner</li>
						<li>BEK om krav til lastbiler og busser i kommunalt fastlagte milj&#248;zoner m.v. (Teknisk milj&#248;zonebekendtg&#248;relsen)</li>
						<li>BEK om milj&#248;godkendelse og samtidig sagsbehandling af ferskvandsdambrug (Dambrugsbekendtg&#248;relsen)</li>
						<li>BEK om milj&#248;krav i forbindelse med etablering og drift af autov&#230;rksteder mv.</li>
						<li>BEK om milj&#248;kvalitetskrav for vandomr&#229;der og krav til udledning af forurenende stoffer til vandl&#248;b, s&#248;er eller havet</li>
						<li>BEK om milj&#248;regulering af visse aktiviteter (Milj&#248;aktivitetsbekendtg&#248;relsen)</li>
						<li>BEK om milj&#248;zoner (Milj&#248;zonebekendtg&#248;relsen)</li>
						<li>BEK om modtagefaciliteter for affald fra skibe, om skibes aflevering af affald og havnes affaldsplaner (Modtagebekendtg&#248;relsen)</li>
						<li>BEK om m&#229;l- og gr&#230;nsev&#230;rdier for luftens indhold af visse forurenende stoffer (Luftkvalitetsbekendtg&#248;relsen)</li>
						<li>BEK om organisationers frivillige deltagelse i en f&#230;llesskabsordning for milj&#248;ledelse og milj&#248;revision (EMAS)</li>
						<li>BEK om pelsdyrfarme (Pelsdyrbekendtg&#248;relsen)</li>
						<li>BEK om planl&#230;gning af sundhedsberedskabet og det pr&#230;hospitale beredskab samt uddannelse af ambulancepersonale m.v.</li>
						<li>BEK om refusion af udgifter til beredskab, bek&#230;mpelses- og saneringsforanstaltninger, samt affaldsbortskaffelse vedr&#248;rende olie- og kemikalieforurening (Strandrensningsbekendtg&#248;relsen)</li>
						<li>BEK om regulering af luftforurening fra br&#230;ndeovne og br&#230;ndekedler samt visse andre faste anl&#230;g til energiproduktion (Br&#230;ndeovnsbekendtg&#248;relsen)</li>
						<li>BEK om store fyr</li>
						<li>BEK om st&#248;j fra vindm&#248;ller (Vindm&#248;llebekendtg&#248;relsen)</li>
						<li>BEK om svovlindholdet i faste og flydende br&#230;ndstoffer (Svovlbekendtg&#248;relsen)</li>
						<li>BEK om sv&#248;mmebadsanl&#230;g m.v. og disses vandkvalitet</li>
						<li>BEK om tilladelse og godkendelse m.v. af husdyrbrug</li>
						<li>BEK om udf&#248;relse og sl&#248;jfning af boringer og br&#248;nde p&#229; land (Br&#248;ndborerbekendtg&#248;relsen)</li>
						<li>BEK om underretningspligt ved eksport af visse brugte produktionsanl&#230;g</li>
						<li>BEK om visse virksomheders afgivelse af milj&#248;oplysninger</li>
						<li>BEK om vurdering af virkninger p&#229; milj&#248;et (VVM) af havbrug beliggende l&#230;ngere end 1 s&#248;mil fra kysten</li>
					</ul>
				</p>
			
		",[[Category:NaN_KLE_Data]]
Hovedgruppe_11,11,Øforhold [udgået],1988-01-01,,"","Gruppe_11.00,Gruppe_11.01,Gruppe_11.02,Gruppe_11.03,Gruppe_11.04,Gruppe_11.10","
				<p xmlns:xsi=""http://www.w3.org/2001/XMLSchema-instance"">Ingen servicetekst.</p>
			
		",[[Category:NaN_KLE_Data]]
Hovedgruppe_12,12,Kirkelige forhold [udgået],1988-01-01,,"","Gruppe_12.00,Gruppe_12.01,Gruppe_12.02","
				<p xmlns:xsi=""http://www.w3.org/2001/XMLSchema-instance"">Ingen servicetekst.</p>
			
		",[[Category:NaN_KLE_Data]]
Hovedgruppe_13,13,Forsyning,1988-01-01,2011-05-01,"FolkeskolenDelplan,DagtilbudDelplan,KommunalVandDelplan,PrivatVandDelplan","Gruppe_13.00,Gruppe_13.01,Gruppe_13.02,Gruppe_13.03,Gruppe_13.04,Gruppe_13.05,Gruppe_13.06,Gruppe_13.07,Gruppe_13.08,Gruppe_13.09,Gruppe_13.10,Gruppe_13.11,Gruppe_13.12,Gruppe_13.15,Gruppe_13.16,Gruppe_13.20,Gruppe_13.25,Gruppe_13.29,Gruppe_13.30","
				<p xmlns:xsi=""http://www.w3.org/2001/XMLSchema-instance"">Hovedgruppe 13 omfatter bl.a. sager der administreres/behandles i henhold til f&#248;lgende lovgivning:</p>
				<p xmlns:xsi=""http://www.w3.org/2001/XMLSchema-instance"">
					<ul>
						<li>LBK om afgift af elektricitet</li>
						<li>LBK om afgift af ledningsf&#248;rt vand (Vandafgiftsloven)</li>
						<li>LBK om afgift af naturgas og bygas (Gasafgiftsloven)</li>
						<li>LBK om elforsyning (Elforsyningsloven)</li>
						<li>LBK om kommunernes styrelse (Kommunestyrelsesloven)</li>
						<li>LBK om naturgasforsyning (Naturgasforsyningsloven)</li>
						<li>LBK om radio- og fjernsynsvirksomhed (Radio- og fjernsynsloven)</li>
						<li>LBK om vandforsyning mv. (Vandforsyningsloven)</li>
						<li>LBK om varmeforsyning (Varmeforsyningsloven)</li>
						<li>Lov om elektriske st&#230;rkstr&#248;msanl&#230;g og elektrisk materiel (St&#230;rkstr&#248;msloven)</li>
						<li>Lov om kommunal fjernk&#248;ling</li>
						<li>Lov om kommuners afst&#229;else af vandforsyninger og spildevandsforsyninger</li>
						<li>Lov om trafikselskaber</li>
						<li>Lov om vandsektorens organisering og &#248;konomiske forhold (Vandsektorloven)</li>
						<li>BEK om betaling for vand efter m&#229;lt forbrug mv. p&#229; ejendomsniveau</li>
						<li>BEK om indsatsplaner</li>
						<li>BEK om kommuners og Energinet.dk&#8217;s deltagelse i anden virksomhed, som har n&#230;r tilknytning til deres hovedvirksomhed efter elforsyningsloven</li>
						<li>BEK om kommuners varetagelse af administrative opgaver for visse vandselskaber</li>
						<li>BEK om m&#229;leteknisk kontrol med m&#229;lere, der anvendes til m&#229;ling af forbrug af varmt og koldt vand (Vandm&#229;lerbekendtg&#248;relsen)</li>
						<li>BEK om offentligt udbud ved salg af kommunens henholdsvis regionens faste ejendomme</li>
						<li>BEK om program for intern overv&#229;gning for distributions- og transmissionsselskaber i henhold til naturgasforsyningsloven</li>
						<li>BEK om program for vandselskabers interne overv&#229;gning</li>
						<li>BEK om tilslutning m.v. til kollektive varmeforsyningsanl&#230;g (Tilslutingsbekendtg&#248;relsen)</li>
						<li>BEK om udf&#248;relse og sl&#248;jfning af boringer og br&#248;nde p&#229; land (Br&#248;ndborerbekendtg&#248;relsen)</li>
						<li>BEK om vandforsyningsplanl&#230;gning</li>
						<li>BEK om vandindvinding og vandforsyning</li>
						<li>BEK om vandkvalitet og tilsyn med vandforsyningsanl&#230;g (Tilsynsbekendtg&#248;relsen)</li>
						<li>BEK om vedt&#230;gter for organisering af trafikselskaber</li>
					</ul>
				</p>
			
		",[[Category:NaN_KLE_Data]]
Hovedgruppe_14,14,Beredskab,1988-01-01,2011-05-01,"FolkeskolenDelplan,DagtilbudDelplan,KommunalVandDelplan,PrivatVandDelplan","Gruppe_14.00,Gruppe_14.01,Gruppe_14.02,Gruppe_14.03,Gruppe_14.04,Gruppe_14.05,Gruppe_14.06,Gruppe_14.07,Gruppe_14.08,Gruppe_14.09,Gruppe_14.10,Gruppe_14.11,Gruppe_14.12,Gruppe_14.13,Gruppe_14.14,Gruppe_14.15,Gruppe_14.16,Gruppe_14.17,Gruppe_14.18,Gruppe_14.20","
				<p xmlns:xsi=""http://www.w3.org/2001/XMLSchema-instance"">Hovedgruppe 14 omfatter bl.a. sager, der administreres/behandles i henhold til f&#248;lgende lovgivning:</p>
				<p xmlns:xsi=""http://www.w3.org/2001/XMLSchema-instance"">
					<ul>
						<li>BEK af beredskabsloven (Beredskabsloven)</li>
						<li>LBK om beskyttelsesrum (Beskyttelsesrumsloven)</li>
						<li>Lov om &#230;ndring af lov om fyrv&#230;rkeri og beredskabsloven</li>
						<li>BEK om anmeldelse af ulykkestilf&#230;lde og sygdomme, der rammer v&#230;rnepligtige m.fl.</li>
						<li>BEK om bedriftv&#230;rn</li>
						<li>BEK om brandsyn og offentligg&#248;relse af resultater af brandsyn foretaget i forsamlingslokaler</li>
						<li>BEK om brandv&#230;rnsforanstaltninger i hoteller m.v., plejeinstitutioner, forsamlingslokaler, undervisningslokaler, daginstitutioner og butikker</li>
						<li>BEK om kommunale beskyttelsesrumspuljer</li>
						<li>BEK om kontrol med risikoen for st&#248;rre uheld med farlige stoffer (Risikobekendtg&#248;relsen)</li>
						<li>BEK om krav til fyrv&#230;rkeri og andre pyrotekniske artikler (Fyrv&#230;rkeribekendtg&#248;relsen)</li>
						<li>BEK om personel i redningsberedskabet</li>
						<li>BEK om risikobaseret kommunalt redningsberedskab</li>
						<li>BEK om tekniske forskrifter for gasser</li>
						<li>BEK om udrykningsk&#248;rsel</li>
					</ul>
				</p>
			
		",[[Category:NaN_KLE_Data]]
Hovedgruppe_15,15,Arbejdsmarked og beskæftigelsesindsats ,1988-01-01,2015-02-01,"FolkeskolenDelplan,DagtilbudDelplan,KommunalVandDelplan,JobcenterDelplan","Gruppe_15.00,Gruppe_15.01,Gruppe_15.02,Gruppe_15.03,Gruppe_15.04,Gruppe_15.05,Gruppe_15.06,Gruppe_15.07,Gruppe_15.08,Gruppe_15.09,Gruppe_15.10,Gruppe_15.15,Gruppe_15.17,Gruppe_15.20,Gruppe_15.21,Gruppe_15.22,Gruppe_15.23,Gruppe_15.25,Gruppe_15.27,Gruppe_15.28,Gruppe_15.30,Gruppe_15.40","
				<p xmlns:xsi=""http://www.w3.org/2001/XMLSchema-instance"">Hovedgruppe 15 omfatter bl.a. sager, der administreres/behandles i henhold til f&#248;lgende lovgivning:</p>
				<p xmlns:xsi=""http://www.w3.org/2001/XMLSchema-instance"">
					<ul>
						<li>LBK om aktiv socialpolitik (Aktivloven)</li>
						<li>Lov om organisering og underst&#248;ttelse af besk&#230;ftigelsesindsatsen m.v.</li>
						<li>LBK om arbejdsl&#248;shedsforsikring m.v.</li>
						<li>LBK om betaling for visse uddannelsesaktiviteter i forbindelse med lov om en aktiv besk&#230;ftigelsesindsats m.m.</li>
						<li>LBK om b&#248;rnepasningsorlov</li>
						<li>LBK om en aktiv besk&#230;ftigelsesindsats (Besk&#230;ftigelsesindsatsloven, LAB)</li>
						<li>LBK om erhvervsgrunduddannelse m.v.</li>
						<li>LBK om integration af udl&#230;ndinge i Danmark (Integrationsloven)</li>
						<li>LBK om social service (Serviceloven)</li>
						<li>LBK om varsling m.v. i forbindelse med afskedigelser af st&#248;rre omfang</li>
						<li>Lov om arbejdsmarkedsuddannelser m.v. (AMU-Lov)</li>
						<li>Lov om kompensation til handicappede i erhverv m.v. (Kompensationsloven)</li>
						<li>Lov om seniorjob</li>
						<li>Lov om sygedagpenge (Sygedagpengeloven)</li>
						<li>BEK om 6 ugers selvvalgt uddannelse til forsikrede ledige</li>
						<li>BEK om andre akt&#248;rer m.fl</li>
						<li>BEK om betaling for visse uddannelsesaktiviteter p&#229; Kulturministeriets omr&#229;de i forbindelse med lov om en aktiv besk&#230;ftigelsesindsats m.m</li>
						<li>BEK om en aktiv besk&#230;ftigelsesindsats</li>
						<li>BEK om feriedagpenge</li>
						<li>BEK om fleksjob</li>
						<li>BEK om fors&#248;gsordninger med frikommunefors&#248;g efter lov om ansvaret for og styringen af den aktive besk&#230;ftigelsesindsats, lov om en aktiv besk&#230;ftigelsesindsats og lov om sygedagpenge</li>
						<li>BEK om indberetning og refusion af kommunalbestyrelsens udgifter til egu-elever</li>
						<li>BEK om kommunernes medfinansiering af arbejdsl&#248;shedsdagpenge, uddannelsesydelse og befordringsgodtg&#248;relse til de forsikrede ledige</li>
						<li>BEK om kommunernes pligt til varsling, vejledning m.v. af &#230;gtef&#230;ller, hvis kontanthj&#230;lp kan bortfalde som f&#248;lge af 225 timers reglen</li>
						<li>BEK om kompensation til handicappede i erhverv m.v.</li>
						<li>BEK om matchvurdering</li>
						<li>BEK om midler til de lokale besk&#230;ftigelsesr&#229;d efter lov om ansvaret for og styringen af den aktive besk&#230;ftigelsesindsats &#167; 47</li>
						<li>BEK om pulje til virksomhedskonsulenter til virksomhedsrettet og t&#230;ttere kontakt til langtidsledige</li>
						<li>BEK om registrering og indberetning af data p&#229; besk&#230;ftigelsesomr&#229;det til det statistiske datavarehus og det f&#230;lles datagrundlag i Arbejdsmarkedsstyrelsen</li>
						<li>BEK om seniorjob</li>
						<li>BEK om supplerende dagpenge</li>
						<li>BEK om sygedagpenge</li>
						<li>BEK om tilskud til 18-19-&#229;rige i forbindelse med fremrykket aktiveringsindsats samt &#187;Ny Chance til unge&#171;, herunder om regnskab og revision</li>
						<li>BEK om tilsyn med kommunernes overholdelse af reglerne om de sagsbehandlingsskridt, som kommunerne skal foretage ved jobsamtaler i henhold til BEK om matchvurdering (visitationstilsyn)</li>
					</ul>
				</p>
			
		",[[Category:NaN_KLE_Data]]
Hovedgruppe_16,16,Social- og sundhedsvirksomhed [udgået] ,1984-01-01,2004-02-01,"","Gruppe_16.00,Gruppe_16.01,Gruppe_16.02,Gruppe_16.03,Gruppe_16.04,Gruppe_16.05,Gruppe_16.06,Gruppe_16.07,Gruppe_16.08,Gruppe_16.09,Gruppe_16.10,Gruppe_16.11,Gruppe_16.12,Gruppe_16.13,Gruppe_16.14,Gruppe_16.15,Gruppe_16.16,Gruppe_16.17,Gruppe_16.18,Gruppe_16.19,Gruppe_16.20,Gruppe_16.21,Gruppe_16.22,Gruppe_16.23,Gruppe_16.24,Gruppe_16.25,Gruppe_16.26,Gruppe_16.27,Gruppe_16.28,Gruppe_16.29,Gruppe_16.30,Gruppe_16.31,Gruppe_16.32,Gruppe_16.33,Gruppe_16.34,Gruppe_16.35,Gruppe_16.36,Gruppe_16.37,Gruppe_16.38,Gruppe_16.40,Gruppe_16.42,Gruppe_16.44,Gruppe_16.46,Gruppe_16.49","
				<p xmlns:xsi=""http://www.w3.org/2001/XMLSchema-instance"">Hovedgruppe 16 omfatter bl.a. sager, der administreres/behandles i henhold til f&#248;lgende lovgivning:</p>
				<p xmlns:xsi=""http://www.w3.org/2001/XMLSchema-instance"">
					<ul>
						<li>Lbk. om retssikkerhed og administration p&#229; det sociale omr&#229;de (retssikkerhedsloven)(nr. 262 af 27.03.06 )</li>
						<li>Serviceloven (nr. 929 af 05.09.06)</li>
						<li>Lbk. om aktiv socialpolitik (nr. 1009 af 24.10.05)</li>
						<li>Lbk. om en aktiv besk&#230;ftigelsesindsats (nr. 685 af 29.06.05)</li>
						<li>Sundhedsloven (nr. 546 af 24.06.05)</li>
						<li>Lov om forebyggende hjemmebes&#248;g til &#230;ldre mv. (hjemmebes&#248;gsloven)(nr. 1117 af 20.12.95)</li>
						<li>Lov om l&#248;nmodtageres ret til frav&#230;r fra arbejde af s&#230;rlige familiem&#230;ssige &#229;rsager (nr. 223 af 22.03.06)</li>
						<li>Lbk. om integration af udl&#230;ndinge i Danmark (integrationsloven)(nr. 839 af 05.09.05)</li>
						<li>Lbk. om almene boliger m.v. (almenboligloven)(nr. 610 af 21.06.05)</li>
						<li>Lbk. om folkeskolen (folkeskoleloven)(nr. 870 af 21.10.03)</li>
						<li>Lbk. om individuel boligst&#248;tte (boligst&#248;tteloven)(nr. 199 af 02.03.07)</li>
						<li>Lbk. om fleksydelse (nr. 1054 af 04.11.05)</li>
						<li>Lov om b&#248;rnemilj&#248; i dagtilbud (B&#248;rnemilj&#248;loven)(nr. 485 af 07.06.06)</li>
						<li>Lbk. om b&#248;rnetilskud og forskudsvis udbetaling af b&#248;rnebidrag (b&#248;rnetilskudsloven)(nr. 909 af 03.09.04)</li>
						<li>Lov om sygedagpenge (nr. 563 af 09.06.06)</li>
						<li>Lov om ret til orlov og dagpenge ved barsel (barselloven)(nr. 566 af 09.06.06)</li>
						<li>Lbk. om en b&#248;rnefamilieydelse (B&#248;rnefamilieydelsesloven)(nr. 972 af 22.09.06)</li>
						<li>Lbk. om inddrivelse af underholdsbidrag (nr. 946 af 10.10.05)</li>
						<li>B&#248;rnebidragsloven (nr. 352 af 15.05.03)</li>
						<li>Bek. af repatrieringsloven (nr. 21 af 15.01.04</li>
						<li>Bek. af straffeloven (straffeloven)(nr. 909 af 27.09.05)</li>
						<li>Lbk. om h&#248;jeste, mellemste, forh&#248;jet almindelig og almindelig f&#248;rtidspension m.v. (F&#248;rtidspensionsloven)(nr. 760 af 02.08.05)</li>
						<li>Lbk. om social pension (nr. 759 af 02.08.05)</li>
						<li>Lbk. om friskoler og private grundskoler mv. (friskoleloven)(nr. 665 af 27.06.05)</li>
						<li>Lbk. om delpension (delpensionsloven) (nr. 1096 af 16.11.05)</li>
						<li>Bek. om betaling for generelle tilbud og for tilbud om personlig og praktisk hj&#230;lp m.v. (Servicelovens &#167;&#167; 79, 83 og 84)(nr. 616 af 15.06.06)</li>
						<li>Bek. om temaer og m&#229;l i p&#230;dagogiske l&#230;replanernr (nr. 1178 af 24.11.06)</li>
						<li>Bek. om sundhedskoordinationsudvalg og sundhedsaftaler (nr. 414 af 05.05.06)</li>
						<li>Bek. om ydelse af hj&#230;lpemidler og forbrugsgoder efter serviceloven (Hj&#230;lpemiddelbekendtg&#248;relsen)(nr. 19 af 11.01.05)</li>
						<li>Bek. om indretning og drift af medicindepoter (nr. 643 af 02.08.93)</li>
						<li>Bek. om udviklingsr&#229;d som led i kommunalreformen (nr. 162 af 10.03.06)</li>
						<li>Bek. om &#230;ndring af bekendtg&#248;relse om betaling for deltagelse i klubtilbud og andre socialp&#230;dagogiske fritidstilbud til st&#248;rre b&#248;rn og unge (nr. 1167 af 29.12.99)</li>
						<li>Bek. om tabt arbejdsfortjeneste til netv&#230;rksplejefamilier (nr. 1451 af 15.12.05)</li>
						<li>Bek. om kommunens tilskud til brug for dagtilbud til b&#248;rn, for&#230;ldrenes egenbetaling og fripladstilskud m.v. (nr. 828 af 29.08.05)</li>
						<li>Bek. om kommunens tilskud til brug for klubtilbud og andre socialp&#230;dagogiske fritidstilbud til st&#248;rre b&#248;rn og unge (nr. 819 af 18.08.05)</li>
						<li>Bek. om tilskud efter sygesikringsloven til fodbehandling (nr. 390 af 30.05.05)</li>
						<li>Bek. om statsrefusion og tilskud, samt regnskabsafl&#230;ggelse og revision p&#229; Socialministeriets, Besk&#230;ftigelsesministeriets, Ministeriet for Flygtninge, Indvandrere og Integrations og Ministeriet for Familie- og Forbrugeranliggenders ressortomr&#229;der (Refusionsbekendtg&#248;relsen)(nr. 1391 af 12.12.06)</li>
						<li>Bek. om Den Supplerende Arbejdsmarkedspension for F&#248;rtidspensionister (nr. 868 af 23.10.02)</li>
						<li>Bek. om magtanvendelse m.v. i d&#248;gninstitutioner for b&#248;rn og unge og i opholdssteder for b&#248;rn og unge for flere end 4 personer (nr. 620 af 21.06.01</li>
					</ul>
				</p>
			
		",[[Category:NaN_KLE_Data]]
Hovedgruppe_17,17,Undervisning,1988-01-01,,"FolkeskolenDelplan,SaerligStoetteDelplan","Gruppe_17.00,Gruppe_17.01,Gruppe_17.02,Gruppe_17.03,Gruppe_17.04,Gruppe_17.05,Gruppe_17.06,Gruppe_17.07,Gruppe_17.08,Gruppe_17.09,Gruppe_17.10,Gruppe_17.11,Gruppe_17.12,Gruppe_17.13,Gruppe_17.14,Gruppe_17.15,Gruppe_17.20,Gruppe_17.21,Gruppe_17.25,Gruppe_17.27,Gruppe_17.30,Gruppe_17.32,Gruppe_17.33,Gruppe_17.35","
				<p xmlns:xsi=""http://www.w3.org/2001/XMLSchema-instance"">Hovedgruppe 17 omfatter bl.a. sager, der administreres/behandles i henhold til f&#248;lgende lovgivning:</p>
				<p xmlns:xsi=""http://www.w3.org/2001/XMLSchema-instance"">
					<ul>
						<li>LBK om folkeh&#248;jskoler, efterskoler, husholdningsskoler og h&#229;ndarbejdsskoler (frie kostskoler)</li>
						<li>LBK om folkeskolen (Folkeskoleloven)</li>
						<li>LBK om friskoler og private grundskoler m.v. (Friskoleloven)</li>
						<li>For&#230;ldreansvarslov (For&#230;ldreansvarsloven)</li>
						<li>Lov om elevers og studerendes undervisningsmilj&#248; (Undervisningsmilj&#248;loven)</li>
						<li>Lov om vejledning om valg af uddannelse og erhverv (Vejledningsloven)</li>
						<li>BEK om anvendelse af kvalitetsrapporter og handlingsplaner i kommunalbestyrelsernes arbejde med evaluering og kvalitetsudvikling af folkeskolen (Kvalitetsrapportbekendtg&#248;relsen)</li>
						<li>BEK om anvendelse af test i folkeskolen mv.</li>
						<li>BEK om befordring af elever i folkeskolen</li>
						<li>BEK om betaling ved skolegang i en anden kommune end bop&#230;lskommunen</li>
						<li>BEK om brobygning og introduktionskurser til ungdomsuddannelserne</li>
						<li>BEK om elevers frav&#230;r fra undervisningen i folkeskolen (Frav&#230;rsbekendtg&#248;relsen)</li>
						<li>BEK om elevplaner, elev- og uddannelsesplaner samt uddannelsesplaner i folkeskolen</li>
						<li>BEK om elevr&#229;d i folkeskolen og i ungdomsskolen</li>
						<li>BEK om fokus p&#229; frav&#230;r i den kommunale kvalitetsrapport om folkeskolen</li>
						<li>BEK om folkeskolens afsluttende pr&#248;ver (Pr&#248;vebekendtg&#248;relsen)</li>
						<li>BEK om folkeskolens modersm&#229;lsundervisning af b&#248;rn fra medlemsstater i Den Europ&#230;iske Union, fra lande, som er omfattet af aftalen om Det Europ&#230;iske &#216;konomiske Samarbejdsomr&#229;de, samt fra F&#230;r&#248;erne og Gr&#248;nland</li>
						<li>BEK om folkeskolens pr&#248;veterminer og pr&#248;vedatoer i skole&#229;rene 2011/2012, 2012/2013 og 2013/2014 samt om begyndelsestidspunktet for elevernes sommerferie</li>
						<li>BEK om folkeskolens specialp&#230;dagogiske bistand til b&#248;rn, der endnu ikke har p&#229;begyndt skolegangen</li>
						<li>BEK om folkeskolens undervisning i dansk som andetsprog</li>
						<li>BEK om foranstaltninger til fremme af god orden i folkeskolen</li>
						<li>BEK om form&#229;l, trin- og slutm&#229;l for folkeskolens fag og emner (F&#230;lles M&#229;l)</li>
						<li>BEK om f&#230;lles ledelse for folkeskoler og kommunale dagtilbud i landdistrikter m.v.</li>
						<li>BEK om karakterskala og anden bed&#248;mmelse</li>
						<li>BEK om krav til indholdet af m&#229;l- og indholdsbeskrivelser for skolefritidsordninger</li>
						<li>BEK om overenskomst mellem en kommunalbestyrelse og en institution, der udbyder erhvervsuddannelse, om varetagelse af 10. klasseundervisning</li>
						<li>BEK om proceduren ved en skolenedl&#230;ggelse</li>
						<li>BEK om procedureregler ved en elevs fritagelse for kristendomskundskab i folkeskolen</li>
						<li>BEK om projektopgaven i folkeskolens 9. klasse</li>
						<li>BEK om statslig elevst&#248;tte til elever p&#229; efterskoler</li>
						<li>BEK om tilskud til uddeling af frugt- og gr&#248;ntsagsprodukter til b&#248;rn p&#229; undervisningsinstitutioner</li>
						<li>BEK om tilsyn med folkeskolens elever i skoletiden</li>
						<li>BEK om uddannelsesparathedsvurdering, uddannelsesplaner og procedurer ved valg af ungdomsuddannelse</li>
						<li>BEK om undervisning i b&#248;rnehaveklassen</li>
						<li>BEK om valg af for&#230;ldrerepr&#230;sentanter til skolebestyrelser i folkeskolen og om vederlag til for&#230;ldre- og elevrepr&#230;sentanter i skolebestyrelser i folkeskolen (Skolebestyrelsesbekendtg&#248;relsen)</li>
						<li>BEK om vejledning om valg af uddannelse og erhverv</li>
						<li>BEK om ydelse af st&#248;tte til m&#230;lk og visse mejeriprodukter til elever i skoler og undervisningsanstalter</li>
						<li>Vejledning om folkeskolens specialp&#230;dagogiske bistand til b&#248;rn, der endnu ikke har p&#229;begyndt skolegangen</li>
						<li>Vejledning om specialundervisning i dagbehandlingstilbud og anbringelsessteder</li>
						<li>Vejledning om udf&#230;rdigelse af eleverkl&#230;ringer i folkeskolen</li>
					</ul>
				</p>
			
		",[[Category:NaN_KLE_Data]]
Hovedgruppe_18,18,Folkeoplysning og ungdomsskoler,1988-01-01,2011-05-01,"FolkeskolenDelplan","Gruppe_18.00,Gruppe_18.01,Gruppe_18.02,Gruppe_18.03,Gruppe_18.04,Gruppe_18.05,Gruppe_18.06,Gruppe_18.07,Gruppe_18.09,Gruppe_18.10,Gruppe_18.12,Gruppe_18.13,Gruppe_18.14,Gruppe_18.15,Gruppe_18.16,Gruppe_18.17,Gruppe_18.18,Gruppe_18.20","
				<p xmlns:xsi=""http://www.w3.org/2001/XMLSchema-instance"">Hovedgruppe 18 omfatter bl.a. sager, der administreres/behandles i henhold til f&#248;lgende lovgivning:</p>
				<p xmlns:xsi=""http://www.w3.org/2001/XMLSchema-instance"">
					<ul>
						<li>BEK af f&#230;rdselsloven (F&#230;rdselslov)</li>
						<li>LBK om produktionsskoler (Produktionsskoleloven)</li>
						<li>LBK om st&#248;tte til folkeoplysende voksenundervisning, frivilligt folkeoplysende foreningsarbejde og Folkeuniversitetet (Folkeoplysningsloven)</li>
						<li>LBK om ungdomsskoler (Ungdomsskoleloven)</li>
						<li>Lov om eliteidr&#230;t (Eliteidr&#230;tsloven)</li>
						<li>BEK om obligatorisk knallertundervisning og knallertbeviser</li>
						<li>BEK om st&#248;tte til folkeoplysende voksenundervisning og frivilligt folkeoplysende foreningsarbejde (Folkeoplysningsbekendtg&#248;relsen)</li>
						<li>BEK om ungdomsskolebestyrelser</li>
					</ul>
				</p>
				<p xmlns:xsi=""http://www.w3.org/2001/XMLSchema-instance"">Valg af folkeoplysningsudvalg, se gruppe 84.04.</p>
			
		",[[Category:NaN_KLE_Data]]
Hovedgruppe_19,19,Kulturhistoriske institutioner,1988-01-01,,"FolkeskolenDelplan","Gruppe_19.00,Gruppe_19.01,Gruppe_19.02,Gruppe_19.03","
				<p xmlns:xsi=""http://www.w3.org/2001/XMLSchema-instance"">Hovedgruppe 19 omfatter bl.a. sager, der administreres/behandles i henhold til f&#248;lgende lovgivning:</p>
				<p xmlns:xsi=""http://www.w3.org/2001/XMLSchema-instance"">
					<ul>
						<li>BEK af arkivloven (Arkivloven)</li>
						<li>LBK om ophavsret (Ophavsretsloven)</li>
						<li>BEK af museumsloven (Museumslov)</li>
						<li>BEK om offentlige arkivalier og om offentlige arkivers virksomhed (Arkivbekendtg&#248;relsen)</li>
					</ul>
				</p>
			
		",[[Category:NaN_KLE_Data]]
Hovedgruppe_20,20,Kulturvirksomhed,1988-01-01,2013-08-01,"FolkeskolenDelplan","Gruppe_20.00,Gruppe_20.01,Gruppe_20.02,Gruppe_20.03,Gruppe_20.04,Gruppe_20.05,Gruppe_20.07,Gruppe_20.08,Gruppe_20.10,Gruppe_20.11,Gruppe_20.13,Gruppe_20.15,Gruppe_20.20,Gruppe_20.30","
				<p xmlns:xsi=""http://www.w3.org/2001/XMLSchema-instance"">Hovedgruppe 20 omfatter bl.a. sager, der administreres/behandles i henhold til f&#248;lgende lovgivning:</p>
				<p xmlns:xsi=""http://www.w3.org/2001/XMLSchema-instance"">
					<ul>
						<li>LBK om billedkunst (Billedkunstloven)</li>
						<li>LBK om Kulturministeriets kulturaftaler med kommuner m.v. og om regionernes opgaver p&#229; kulturomr&#229;det</li>
						<li>LBK om musik (Musikloven)</li>
						<li>LBK om radio- og fjernsynsvirksomhed (Radio- og fjernsynsloven)</li>
						<li>LBK om scenekunst</li>
						<li>LBK om Statens Kunstfond</li>
						<li>Lov om film (Filmloven)</li>
						<li>BEK om Det K&#248;benhavnske Teatersamarbejde</li>
						<li>BEK om egnsteatre (Egnsteater-bekendtg&#248;relsen)</li>
						<li>BEK om statstilskud til sm&#229; storbyteatre</li>
					</ul>
				</p>
			
		",[[Category:NaN_KLE_Data]]
Hovedgruppe_21,21,Biblioteker,1988-01-01,2011-05-01,"FolkeskolenDelplan","Gruppe_21.00,Gruppe_21.01,Gruppe_21.02,Gruppe_21.03,Gruppe_21.05,Gruppe_21.06,Gruppe_21.07,Gruppe_21.08,Gruppe_21.09,Gruppe_21.10,Gruppe_21.11,Gruppe_21.15,Gruppe_21.20","
				<p xmlns:xsi=""http://www.w3.org/2001/XMLSchema-instance"">Hovedgruppe 21 omfatter bl.a. sager, der administreres/behandles i henhold til f&#248;lgende lovgivning:</p>
				<p xmlns:xsi=""http://www.w3.org/2001/XMLSchema-instance"">
					<ul>
						<li>LBK om biblioteksvirksomhed (Biblioteksloven)</li>
						<li>LBK om folkeskolen (Folkeskoleloven)</li>
						<li>BEK om skolebiblioteker i folkeskolen</li>
					</ul>
				</p>
			
		",[[Category:NaN_KLE_Data]]
Hovedgruppe_22,22,Regulering af private erhverv,1988-01-01,,"","Gruppe_22.00,Gruppe_22.01,Gruppe_22.03,Gruppe_22.04,Gruppe_22.05,Gruppe_22.06,Gruppe_22.07,Gruppe_22.08,Gruppe_22.09,Gruppe_22.11,Gruppe_22.12,Gruppe_22.13,Gruppe_22.14","
				<p xmlns:xsi=""http://www.w3.org/2001/XMLSchema-instance"">Hovedgruppe 22 omfatter bl.a. sager, der administreres/behandles i henhold til f&#248;lgende lovgivning:</p>
				<p xmlns:xsi=""http://www.w3.org/2001/XMLSchema-instance"">
					<ul>
						<li>LBK om restaurations- og hotelvirksomhed m.v. (Restaurationsloven)</li>
						<li>LBK om spillekasinoer (Kasinoloven)</li>
						<li>LBK om taxik&#248;rsel m.v. (Taxiloven)</li>
						<li>Lov om detailsalg fra butikker m.v. (Lukkeloven)</li>
						<li>BEK af overenskomst af 17. juni 2002 med Sverige om &#230;ndring af overenskomst af 3. marts 2000 om international taxik&#248;rsel p&#229; vej</li>
						<li>BEK om erhvervsm&#230;ssig befordring af personer i k&#248;ret&#248;jer, som de p&#229;g&#230;ldende r&#229;der over</li>
						<li>BEK om s&#230;rlige krav til taxier mv.</li>
						<li>BEK om taxik&#248;rsel m.v. (Taxibekendtg&#248;relsen)</li>
					</ul>
				</p>
			
		",[[Category:NaN_KLE_Data]]
Hovedgruppe_23,23,Borgerlige forhold,1988-01-01,,"","Gruppe_23.00,Gruppe_23.01,Gruppe_23.02,Gruppe_23.03,Gruppe_23.04,Gruppe_23.05,Gruppe_23.06,Gruppe_23.07,Gruppe_23.09,Gruppe_23.15,Gruppe_23.19","
				<p xmlns:xsi=""http://www.w3.org/2001/XMLSchema-instance"">Hovedgruppe 23 omfatter bl.a. sager, der administreres/behandles i henhold til f&#248;lgende lovgivning:</p>
				<p xmlns:xsi=""http://www.w3.org/2001/XMLSchema-instance"">
					<ul>
						<li>LBK om Det centrale Personregister (CPR-loven)</li>
						<li>LBK om forbud mod salg af tobak til personer under 18 &#229;r og salg af alkohol til personer under 16 &#229;r</li>
						<li>BEK af f&#230;rdselsloven (F&#230;rdselsloven)</li>
						<li>LBK om pas til danske statsborgere m.v. (Pasloven)</li>
						<li>LBK om &#230;gteskabs indg&#229;else og opl&#248;sning (&#198;gteskabsloven)</li>
						<li>Lov om offentlige betalinger mv.</li>
						<li>BEK om k&#248;rekort</li>
						<li>BEK om pas m.v.</li>
						<li>BEK om &#230;gteskabs indg&#229;else</li>
					</ul>
				</p>
			
		",[[Category:NaN_KLE_Data]]
Hovedgruppe_24,24,Erhvervsforhold,1988-01-01,,"KommunalVandDelplan","Gruppe_24.00,Gruppe_24.01,Gruppe_24.02,Gruppe_24.03,Gruppe_24.04,Gruppe_24.05,Gruppe_24.09,Gruppe_24.10,Gruppe_24.11,Gruppe_24.14,Gruppe_24.15","
				<p xmlns:xsi=""http://www.w3.org/2001/XMLSchema-instance"">Hovedgruppe 24 omfatter bl.a. sager, der administreres/behandles i henhold til f&#248;lgende lovgivning:</p>
				<p xmlns:xsi=""http://www.w3.org/2001/XMLSchema-instance"">
					<ul>
						<li>Lov om kommuners udf&#248;relse af opgaver for andre offentlige myndigheder og kommuners og regioners deltagelse i selskaber</li>
						<li>LBK om erhvervsfremme</li>
						<li>LBK om hjemmeservice (Hjemmeserviceloven)</li>
						<li>LBK om kommuners og regioners anvendelse af fast ejendom og l&#248;s&#248;re til brug for reklamering for andre</li>
						<li>Lov om vandsektorens organisering og &#248;konomiske forhold (Vandsektorloven)</li>
						<li>Lov om Visitdenmark</li>
						<li>BEK om afvikling af mellemv&#230;render mellem kommuner og vandselskaber</li>
						<li>BEK om krydsoverensstemmelse</li>
						<li>BEK om tilskud til omstilling af fiskerisektoren (PESCA)</li>
					</ul>
				</p>
				<p xmlns:xsi=""http://www.w3.org/2001/XMLSchema-instance"">Hovedgruppe 24 indeholder for det f&#248;rste nogle journalgrupper til sager om enkelte erhverv, hvor kommunen ikke direkte medvirker. Det drejer sig om grupperne 24.01, 24.02, 24.03, 24.04, 24.05 og 24.09. Disse grupper vil derfor typisk indeholde informativt materiale, eksempelvis statistiske oplysninger/indberetninger. Undtaget er gruppe 24.05 om turisme, hvor kommunen ofte vil v&#230;re involveret via medlemskab/tilskud og deltagelse i en lokal turistorganisation.</p>
				<p xmlns:xsi=""http://www.w3.org/2001/XMLSchema-instance"">For det andet indeholder hovedgruppe 24 nogle journalgrupper til sager, hvor kommunen mere eller mindre direkte er involveret/medvirker. Det drejer sig om gruppe 24.00, hvor kommunen i visse tilf&#230;lde kan indg&#229; i selskaber med andre, og gruppe 24.10, der d&#230;kker kommunernes deltagelse i erhvervsudviklingsaktiviteter. Endelig er der gruppe 24.15, der d&#230;kker kommunal eksport. Tidligere var dette d&#230;kket af gruppe 86.15, men h&#248;rer mere korrekt hjemme her, prim&#230;rt p&#229; grund af samme lov, som ogs&#229; d&#230;kker gruppe 24.10.</p>
			
		",[[Category:NaN_KLE_Data]]
Hovedgruppe_25,25,Beskatning,1987-01-01,,"KommunalVandDelplan,PrivatVandDelplan","Gruppe_25.00,Gruppe_25.01,Gruppe_25.02,Gruppe_25.03,Gruppe_25.04,Gruppe_25.05,Gruppe_25.10,Gruppe_25.14,Gruppe_25.17,Gruppe_25.20,Gruppe_25.24,Gruppe_25.25,Gruppe_25.26,Gruppe_25.28,Gruppe_25.30,Gruppe_25.31,Gruppe_25.32,Gruppe_25.33,Gruppe_25.34,Gruppe_25.35,Gruppe_25.36,Gruppe_25.37,Gruppe_25.38,Gruppe_25.39,Gruppe_25.40,Gruppe_25.41,Gruppe_25.42,Gruppe_25.43,Gruppe_25.45,Gruppe_25.46,Gruppe_25.47","
				<p xmlns:xsi=""http://www.w3.org/2001/XMLSchema-instance"">Hovedgruppe 25 omfatter bl.a. sager, der administreres/behandles i henhold til f&#248;lgende lovgivning:</p>
				<p xmlns:xsi=""http://www.w3.org/2001/XMLSchema-instance"">
					<ul>
						<li>BEK om kommunernes borgerbetjening p&#229; skatteomr&#229;det</li>
						<li>BEK af konkursloven (Konkursloven)</li>
						<li>LBK om aktiv socialpolitik (Aktivloven)</li>
						<li>LBK om folkekirkens &#248;konomi</li>
						<li>LBK om kommunal ejendomsskat (Kommunal ejendomskatteloven)</li>
						<li>LBK om kommunal indkomstskat</li>
						<li>LBK om l&#229;n til betaling af ejendomsskatter (Ejendomsskattel&#229;neloven)</li>
						<li>LBK om vurdering af landets faste ejendomme (Vurderingsloven)</li>
						<li>BEK af skatteforvaltningsloven</li>
						<li>Lov om fordeling mellem staten, kommunerne og amtskommunerne af skattenedslaget som f&#248;lge af personskattelovens skatteloft</li>
						<li>BEK om udbetaling af s&#230;rligt tilskud til kommuner som f&#248;lge af neds&#230;ttelse af grundskyldpromillen</li>
					</ul>
				</p>
			
		",[[Category:NaN_KLE_Data]]
Hovedgruppe_26,26,Retsvæsen og militær [udgået],1988-01-01,,"","Gruppe_26.00,Gruppe_26.01,Gruppe_26.02,Gruppe_26.03","
				<p xmlns:xsi=""http://www.w3.org/2001/XMLSchema-instance"">Ingen servicetekst.</p>
			
		",[[Category:NaN_KLE_Data]]
Hovedgruppe_27,27,Social service,2009-05-01,,"FolkeskolenDelplan,DagtilbudDelplan,SaerligStoetteDelplan,SocialtilsynDelplan","Gruppe_27.00,Gruppe_27.03,Gruppe_27.06,Gruppe_27.09,Gruppe_27.12,Gruppe_27.15,Gruppe_27.18,Gruppe_27.21,Gruppe_27.24,Gruppe_27.25,Gruppe_27.27,Gruppe_27.30,Gruppe_27.33,Gruppe_27.35,Gruppe_27.36,Gruppe_27.37,Gruppe_27.39,Gruppe_27.42,Gruppe_27.45,Gruppe_27.48,Gruppe_27.51,Gruppe_27.54,Gruppe_27.57,Gruppe_27.60,Gruppe_27.63,Gruppe_27.66,Gruppe_27.69","
				<p xmlns:xsi=""http://www.w3.org/2001/XMLSchema-instance"">Hovedgruppe 27 omhandler bl.a. sager, der administreres i henhold til f&#248;lgende love og BEKr:</p>
				<p xmlns:xsi=""http://www.w3.org/2001/XMLSchema-instance"">
					<ul>
						<li>LBK om social service (Serviceloven)</li>
						<li>LBK om adoption (Adoptionsloven)</li>
						<li>LBK om almene boliger m.v. (Almenboligloven)</li>
						<li>BEK af forvaltningsloven (Forvaltningsloven)</li>
						<li>LBK om friplejeboliger (Friplejeboligloven)</li>
						<li>Lov om l&#248;nmodtageres ret til frav&#230;r fra arbejde af s&#230;rlige familiem&#230;ssige &#229;rsager</li>
						<li>LBK om social pension (Pensionsloven)</li>
						<li>LBK om retssikkerhed og administration p&#229; det sociale omr&#229;de (Retssikkerhedsloven)</li>
						<li>LBK om tilbageholdelse af stofmisbrugere i behandling</li>
						<li>BEK af Straffeloven</li>
						<li>LBK om fuldbyrdelse af straf m.v. (Straffuldbyrdelsesloven)</li>
						<li>BEK af v&#230;rgem&#229;lsloven</li>
						<li>BEK om adgangen til frit valg af boligindretning efter lov om social service</li>
						<li>BEK om adoption</li>
						<li>BEK om afgr&#230;nsning af tilbagebetalingspligt og sikring ved pant for hj&#230;lp ydet til boligindretning og skift af bolig</li>
						<li>BEK om afl&#248;nning og befordringsudgifter m.v. i beskyttet besk&#230;ftigelse, s&#230;rligt tilrettelagte besk&#230;ftigelsesforl&#248;b og aktivitets- og samv&#230;rstilbud</li>
						<li>BEK om alarm- eller pejlesystemer til b&#248;rn og unge med nedsat psykisk funktionsevne anbragt i d&#248;gninstitution eller p&#229; opholdssted</li>
						<li>BEK om betaling for generelle tilbud og for tilbud om personlig og praktisk hj&#230;lp m.v. (Servicelovens &#167;&#167; 79, 83 og 84)</li>
						<li>BEK om betaling for ophold i anbringelsessteder for b&#248;rn og unge under 18 &#229;r samt for d&#248;gnophold og udslusningsophold for unge i alderen 18 til og med 22 &#229;r</li>
						<li>BEK om betingelser for ledsageordningen efter serviceloven</li>
						<li>BEK om for&#230;ldrebestyrelser i s&#230;rlige dagtilbud</li>
						<li>BEK om godkendelse af og tilsyn med private opholdssteder og private botilbud</li>
						<li>BEK om hj&#230;lp til b&#248;rn og unge, der p&#229; grund af betydelig og varigt nedsat fysisk eller psykisk funktionsevne har behov for hj&#230;lp eller s&#230;rlig st&#248;tte</li>
						<li>BEK om hj&#230;lp til anskaffelse af hj&#230;lpemidler og forbrugsgoder efter serviceloven</li>
						<li>BEK om kommunens bistand til b&#248;rn og unge i forbindelse med uden- og indenretlig afh&#248;ring</li>
						<li>BEK om kvalitetsstandard for kvindekrisecentre efter &#167; 109 i lov om social service</li>
						<li>BEK om kvalitetsstandard for social behandling for stofmisbrug efter &#167; 101i lov om social service</li>
						<li>BEK om kvalitetsstandarder og frit valg af leverand&#248;r af personlig og praktisk hj&#230;lp m.v.</li>
						<li>BEK om magtanvendelse og andre indgreb i selvbestemmelsesretten over for voksne samt om s&#230;rlige sikkerhedsforanstaltninger for voksne og modtagepligt i boformer efter serviceloven</li>
						<li>BEK om magtanvendelse over for b&#248;rn og unge, der er anbragt uden for hjemmet</li>
						<li>BEK om omkostningsbaserede takster for kommunale tilbud</li>
						<li>BEK om plejehjem og beskyttede boliger</li>
						<li>BEK om rammeaftaler m.v. p&#229; det sociale omr&#229;de og p&#229; det almene &#230;ldreboligomr&#229;de (Rammebekendtg&#248;relsen)</li>
						<li>BEK om retssikkerhed og administration p&#229; det sociale omr&#229;de (Retssikkerhedsbekendtg&#248;relsen)</li>
						<li>BEK om st&#248;tte til k&#248;b af bil efter servicelovens</li>
						<li>BEK om tabt arbejdsfortjeneste til netv&#230;rksplejefamilier</li>
						<li>BEK om tilskud til ophold i s&#230;rlige dagtilbud og s&#230;rlige klubtilbud til b&#248;rn og unge med betydelig og varigt nedsat fysisk eller psykisk funktionsevne</li>
						<li>BEK om udm&#229;ling af tilskud til borgerstyret personlig assistance efter servicelovens &#167;&#167; 95 og 96</li>
						<li>BEK om udviklingsr&#229;d som led i kommunalreformen</li>
						<li>BEK om underretning af kommunalbestyrelsen om afh&#248;ringer af sigtede under 18 &#229;r</li>
						<li>BEK om underretningspligt over for kommunen efter lov om social service</li>
						<li>BEK om ydelser efter lov om social service under midlertidige ophold i udlandet</li>
						<li>Vejledning om servicelovens form&#229;l og generelle bestemmelser i loven</li>
					</ul>
				</p>
			
		",[[Category:NaN_KLE_Data]]
Hovedgruppe_28,28,Dagtilbud,2009-05-01,,"FolkeskolenDelplan,DagtilbudDelplan","Gruppe_28.00,Gruppe_28.03,Gruppe_28.06,Gruppe_28.09,Gruppe_28.12,Gruppe_28.15,Gruppe_28.18","
				<p xmlns:xsi=""http://www.w3.org/2001/XMLSchema-instance"">Hovedgruppe 28 omfatter bl.a. sager, der administreres/behandles i henhold til f&#248;lgende lovgivning:</p>
				<p xmlns:xsi=""http://www.w3.org/2001/XMLSchema-instance"">
					<ul>
						<li>LBK om friskoler og private grundskoler m.v. (Friskoleloven)</li>
						<li>For&#230;ldreansvarsloven</li>
						<li>Lov om dag-, fritids- og klubtilbud m.v. til b&#248;rn og unge (Dagtilbudsloven)</li>
						<li>BEK om pasningsgaranti, kommunens tilskud til brug for dag-, fritids- og klubtilbud og et sundt frokostm&#229;ltid, for&#230;ldrenes egenbetaling og indhentelse af b&#248;rneattester m.v. (Dagtilbudsbekendtg&#248;relsen)</li>
					</ul>
				</p>
			
		",[[Category:NaN_KLE_Data]]
Hovedgruppe_29,29,Sundhed,2009-05-01,,"FolkeskolenDelplan,DagtilbudDelplan","Gruppe_29.00,Gruppe_29.03,Gruppe_29.06,Gruppe_29.09,Gruppe_29.12,Gruppe_29.15,Gruppe_29.18,Gruppe_29.21,Gruppe_29.24,Gruppe_29.27,Gruppe_29.30,Gruppe_29.35","
				<p xmlns:xsi=""http://www.w3.org/2001/XMLSchema-instance"">Hovedgruppe 29 omfatter bl.a. sager, der administreres/behandles i henhold til f&#248;lgende lovgivning:</p>
				<p xmlns:xsi=""http://www.w3.org/2001/XMLSchema-instance"">
					<ul>
						<li>LBK om regionernes finansiering</li>
						<li>Lov om &#230;ndring af lov om euforiserende stoffer</li>
						<li>BEK af sundhedsloven (Sundhedsloven)</li>
						<li>BEK om befordring eller befordringsgodtg&#248;relse efter sundhedsloven</li>
						<li>BEK om behandling hos l&#230;ge i praksissektoren</li>
						<li>BEK om forebyggende sundhedsydelser for b&#248;rn og unge</li>
						<li>BEK om genoptr&#230;ningsplaner og om patienters valg af genoptr&#230;ningstilbud efter udskrivning fra sygehus</li>
						<li>BEK om hjemmesygepleje</li>
						<li>BEK om indberetning af l&#230;gelig stofmisbrugsbehandling og indsats mod hepatitis C blandt stofmisbrugere</li>
						<li>BEK om indretning og drift af medicindepoter</li>
						<li>BEK om kommunernes indberetning af stofmisbrugsbehandling til Sundhedsstyrelsen</li>
						<li>BEK om planl&#230;gning af sundhedsberedskabet og det pr&#230;hospitale beredskab samt uddannelse af ambulancepersonale m.v.</li>
						<li>BEK om rapportering af utilsigtede h&#230;ndelser i sundhedsv&#230;senet m.v.</li>
						<li>BEK om ret til sygehusbehandling m.v.</li>
						<li>BEK om sundhedskoordinationsudvalg og sundhedsaftaler</li>
						<li>BEK om tandpleje (TandplejeBEKn)</li>
						<li>BEK om tilskud til fodbehandling i praksissektoren (FodterapeutBEKn)</li>
						<li>BEK om tilskud til fysioterapi hos fysioterapeut i praksissektoren og vederlagsfri fysioterapi hos fysioterapeut i praksissektoren og i kommunen</li>
						<li>BEK om valgfri indplacering i sikringsgrupper, udstedelse af sundhedskort m.v.</li>
					</ul>
				</p>
			
		",[[Category:NaN_KLE_Data]]
Hovedgruppe_30,30,Andre myndigheders opgaver,2000-01-01,2014-08-01,"FolkeskolenDelplan,DagtilbudDelplan,KommunalVandDelplan,SaerligStoetteDelplan","Gruppe_30.00,Gruppe_30.05,Gruppe_30.10,Gruppe_30.15,Gruppe_30.18,Gruppe_30.20","
				<p xmlns:xsi=""http://www.w3.org/2001/XMLSchema-instance"">Hovedgruppe 30 d&#230;kker prim&#230;rt opgaver, der ligger uden for kommunens myndighedsomr&#229;de. Gruppen er ikke detaljeret ud med statslige myndigheders opgaveomr&#229;der, men refererer alene til parten. Emnerne anvendes hvis en kommune fx bliver h&#248;rt, eller p&#229; eget initiativ afgiver udtalelse udenfor kommunens kompetenceomr&#229;de. I forbindelse med kredsr&#229;d, domsmandslister og postbetjening, har kommuner dog konkrete opgaver, der journaliseres i denne hovedgruppe.</p>
				<p xmlns:xsi=""http://www.w3.org/2001/XMLSchema-instance"">Hovedgruppe 30 omfatter bl.a. sager, der administreres/behandles i henhold til f&#248;lgende lovgivning:</p>
				<p xmlns:xsi=""http://www.w3.org/2001/XMLSchema-instance"">
					<ul>
						<li>LBK om dansk indf&#248;dsret</li>
						<li>LBK om rettens pleje (Retsplejeloven)</li>
						<li>Postlov</li>
					</ul>
				</p>
			
		",[[Category:NaN_KLE_Data]]
Hovedgruppe_32,32,Kontante ydelser,2009-05-01,,"FolkeskolenDelplan,DagtilbudDelplan","Gruppe_32.00,Gruppe_32.03,Gruppe_32.06,Gruppe_32.09,Gruppe_32.12,Gruppe_32.15,Gruppe_32.18,Gruppe_32.21,Gruppe_32.24,Gruppe_32.26,Gruppe_32.27,Gruppe_32.30,Gruppe_32.33,Gruppe_32.36,Gruppe_32.39,Gruppe_32.42,Gruppe_32.45,Gruppe_32.64","
				<p xmlns:xsi=""http://www.w3.org/2001/XMLSchema-instance"">Emnerne i hovedgruppe 32 er kontante ydelser. Kontante ydelser definerer vi her som:</p>
				<p xmlns:xsi=""http://www.w3.org/2001/XMLSchema-instance"">
					<ul>
						<li>kommunal opgave hvor der tr&#230;ffes afg&#248;relse om udbetaling af et pengebel&#248;b, som enten finansieres af kommunen, eller som kommunen administrerer p&#229; vegne af andre</li>
					</ul>
				</p>
				<p xmlns:xsi=""http://www.w3.org/2001/XMLSchema-instance"">Kontante ydelser anvendes som overordnet begreb, der ogs&#229; d&#230;kker opgaver som: hj&#230;lp til udgifter, boligsikring, b&#248;rnetilskud, bidrag, udbetaling af sygedagpenge. Dvs. opgaver som ikke direkte er navngivet 'ydelse', modsat: revalideringsydelse, ledighedsydelse, s&#230;rlig ydelse, fleksydelse.</p>
				<p xmlns:xsi=""http://www.w3.org/2001/XMLSchema-instance"">Der kan eksistere kontante ydelser i andre hovedgrupper, hvis udbetaling af et pengebel&#248;b er en afledt opgave. Et eksempel er ans&#230;ttelse med l&#248;ntilskud. Her er det ans&#230;ttelsen, der er form&#229;let, og tilskuddet f&#248;lger af ans&#230;ttelsen.</p>
				<p xmlns:xsi=""http://www.w3.org/2001/XMLSchema-instance"">Hovedgruppen omfatter bl.a. sager, der administreres/behandles i henhold til f&#248;lgende lovgivning:</p>
				<p xmlns:xsi=""http://www.w3.org/2001/XMLSchema-instance"">
					<ul>
						<li>LBK om aktiv socialpolitik (Aktivloven)</li>
						<li>LBK om arbejdsskadesikring (Arbejdsskadesikringsloven)</li>
						<li>LBK om delpension</li>
						<li>LBK om en b&#248;rne- og ungeydelse</li>
						<li>LBK om b&#248;rns fors&#248;rgelse (B&#248;rnebidragsloven)</li>
						<li>LBK om fleksydelse</li>
						<li>LBK om friplejeboliger (Friplejeboligloven)</li>
						<li>LBK om h&#248;jeste, mellemste, forh&#248;jet almindelig og almindelig f&#248;rtidspension m.v. (F&#248;rtidspensionsloven)</li>
						<li>LBK om individuel boligst&#248;tte (Boligst&#248;tteloven)</li>
						<li>LBK om integration af udl&#230;ndinge i Danmark (Integrationsloven)</li>
						<li>LBK om opkr&#230;vning af underholdsbidrag (Bidragsopkr&#230;vningsloven)</li>
						<li>LBK om retssikkerhed og administration p&#229; det sociale omr&#229;de (Retssikkerhedsloven)</li>
						<li>LBK om social pension (Pensionsloven)</li>
						<li>LBK om social service (Serviceloven)</li>
						<li>BEK af sundhedsloven (Sundhedsloven)</li>
						<li>LBK om boliger for &#230;ldre og personer med handicap (&#198;ldreboligloven)</li>
						<li>BEK af repatrieringsloven (Repatrieringsloven)</li>
						<li>Lov om ret til orlov og dagpenge ved barsel (Barselsloven)</li>
						<li>Lov om dag-, fritids- og klubtilbud m.v. til b&#248;rn og unge (Dagtilbudsloven)</li>
						<li>Lov om skifte af d&#248;dsboer (D&#248;dsboskifteloven)</li>
						<li>Lov om sygedagpenge (Sygedagpengeloven)</li>
						<li>Lov om Udbetaling Danmark (Udbetaling Danmark-loven)</li>
						<li>Lov om en 2-&#229;rig fors&#248;gsordning om jobpr&#230;mie til enlige fors&#248;rgere (Jobpr&#230;mieloven)</li>
						<li>Forslag til Lov om en 2-&#229;rig fors&#248;gsordning om jobpr&#230;mie til kontanthj&#230;lpsmodtagere med langvarig ledighed m.v.</li>
						<li>BEK om adgang til tilskud efter sundhedsloven til varer og tjenesteydelser, der er k&#248;bt eller leveret i et andet EU-/E&#216;S-land</li>
						<li>BEK om ans&#248;gning om kontant og skattefri udbetaling af fleksydelsesbidrag og kommunernes vejledning</li>
						<li>BEK om beregning af ledighedsydelse, fradrag i ledighedsydelse og varsling af ferie med ledighedsydelse eller s&#230;rlig ydelse</li>
						<li>BEK om beregning og udbetaling af begravelseshj&#230;lp efter sundhedsloven</li>
						<li>BEK om betingelserne for og fremgangsm&#229;den ved udbetaling af reintegrationsbistand</li>
						<li>BEK om delpension (Delpensionsbekendtg&#248;relsen)</li>
						<li>BEK om Den Supplerende Arbejdsmarkedspension for F&#248;rtidspensionister</li>
						<li>BEK om efterlevelseshj&#230;lp</li>
						<li>BEK om fleksydelse</li>
						<li>BEK om kommunalbestyrelsens opkr&#230;vning af tilbagebetalingskrav efter lov om social service, lov om social pension og lov om h&#248;jeste, mellemste, forh&#248;jet almindelig og almindelig f&#248;rtidspension m.v.</li>
						<li>BEK om kommunernes opkr&#230;vning af tilbagebetalingskrav efter lov om aktiv socialpolitik</li>
						<li>BEK om kommunernes ret til refusion af udgifterne til kontanthj&#230;lp, revalideringsydelse, sygedagpenge, ledighedsydelse og s&#230;rlig ydelse til personer, der deltager i tilbud efter lov om en aktiv besk&#230;ftigelsesindsats, eller til sygedagpengemodtagere, der gradvist vender tilbage i arbejde</li>
						<li>BEK om n&#248;dvendige merudgifter ved den daglige livsf&#248;relse</li>
						<li>BEK om ret til barseldagpenge</li>
						<li>BEK om r&#229;dighed og om neds&#230;ttelse, oph&#248;r af eller fradrag i introduktionsydelse</li>
						<li>BEK om social pension (Pensionsbekendtg&#248;relsen)</li>
						<li>BEK om sygedagpenge</li>
						<li>BEK om sygedagpenge til s&#248;farende</li>
						<li>BEK om s&#230;rlig st&#248;tte efter &#167; 34 i lov om aktiv socialpolitik</li>
						<li>BEK om udbetaling af visse kontantydelser til sikrede</li>
						<li>BEK om vurdering af nedsat funktionsevne som grundlag for tildeling af handicapkompenserende ydelser (Funktionsevnebekendtg&#248;relsen)</li>
						<li>BEK om ydelser efter lov om social service under midlertidige ophold i udlandet</li>
						<li>BEK om tilskud til pasning af b&#248;rn med handicap eller langvarig sygdom</li>
					</ul>
				</p>
			
		",[[Category:NaN_KLE_Data]]
Hovedgruppe_50,50,Sygehusvæsen mv. [udgået],2003-08-01,,"","Gruppe_50.00,Gruppe_50.02,Gruppe_50.04,Gruppe_50.06,Gruppe_50.10","
				<p xmlns:xsi=""http://www.w3.org/2001/XMLSchema-instance"">Gruppen d&#230;kker bl.a. sager, der administreres i henhold til f&#248;lgende lovgivning:</p>
				<p xmlns:xsi=""http://www.w3.org/2001/XMLSchema-instance"">
					<ul>
						<li>Sundhedsloven (nr. 546 af 24.06.05)</li>
						<li>Lbk. om regionernes finansiering (nr. 543 af 24.06.05)</li>
						<li>Bek. om ret til sygehusbehandling og f&#248;dselshj&#230;lp mv. (nr. 31 af 19.01.01)</li>
					</ul>
				</p>
				<p xmlns:xsi=""http://www.w3.org/2001/XMLSchema-instance"">Oversigt over relevant lovgivning p&#229; dette omr&#229;de tilf&#248;jes ved efterf&#248;lgende revisioner af journalplanen.</p>
			
		",[[Category:NaN_KLE_Data]]
Hovedgruppe_54,54,Uddannelse,2003-08-01,,"FolkeskolenDelplan,DagtilbudDelplan,KommunalVandDelplan,JobcenterDelplan","Gruppe_54.00,Gruppe_54.02,Gruppe_54.04,Gruppe_54.06,Gruppe_54.08,Gruppe_54.10,Gruppe_54.11,Gruppe_54.12,Gruppe_54.14,Gruppe_54.15,Gruppe_54.16,Gruppe_54.17,Gruppe_54.18,Gruppe_54.20,Gruppe_54.22,Gruppe_54.24,Gruppe_54.26,Gruppe_54.28,Gruppe_54.30,Gruppe_54.32,Gruppe_54.34","
				<p xmlns:xsi=""http://www.w3.org/2001/XMLSchema-instance"">I hovedgruppe 54 journaliseres sager om uddannelse for unge og voksne efter grundskoleniveau. Undervisning efter Folkeskoleloven journaliseres i hovedgruppe 17.</p>
				<p xmlns:xsi=""http://www.w3.org/2001/XMLSchema-instance"">De efterf&#248;lgende grupper er underopdelt efter de emner man typisk besk&#230;ftiger sig med i forhold til de konkrete uddannelsesbetegnelser. Der er s&#229;ledes ikke undernumre til fx gymnasieuddannelsen, hf-uddannelsen, HTX-uddannelsen etc. - da listen kan blive &#8221;uendelig&#8221;. Uddannelsesbetegnelserne kan i stedet findes via stikord, og knyttes til sagen som metadata (oplysning om part/instans).</p>
				<p xmlns:xsi=""http://www.w3.org/2001/XMLSchema-instance"">
					<ul>
						<li>Lov om uddannelsen til studentereksamen (stx) (Gymnasieloven)</li>
						<li>LBK om erhvervsuddannelser (Erhvervsuddannelsesloven)</li>
						<li>LBK om danskuddannelse til voksne udl&#230;ndinge m.fl.</li>
						<li>LBK om folkeskolen (Folkeskoleloven)</li>
						<li>LBK om institutioner for almengymnasiale uddannelser og almen voksenuddannelse m.v.</li>
						<li>LBK om specialundervisning for voksne</li>
						<li>Lov om ungdomsuddannelse for unge med s&#230;rlige behov</li>
						<li>Lov om uddannelsen til professionsbachelor som p&#230;dagog</li>
						<li>BEK om indberetning til Uddannelsesguiden</li>
						<li>BEK om specialuddannelse til sundhedsplejerske</li>
						<li>BEK om specialundervisning for voksne</li>
						<li>BEK om merit i de gymnasiale uddannelser (Meritbekendtg&#248;relsen)</li>
					</ul>
				</p>
			
		",[[Category:NaN_KLE_Data]]
Hovedgruppe_81,81,Kommunens personale,1988-01-01,2011-05-01,"FolkeskolenDelplan,DagtilbudDelplan,KommunalVandDelplan,PrivatVandDelplan,JobcenterDelplan","Gruppe_81.00,Gruppe_81.01,Gruppe_81.02,Gruppe_81.03,Gruppe_81.04,Gruppe_81.05,Gruppe_81.06,Gruppe_81.07,Gruppe_81.08,Gruppe_81.09,Gruppe_81.10,Gruppe_81.11,Gruppe_81.12,Gruppe_81.13,Gruppe_81.14,Gruppe_81.15,Gruppe_81.16,Gruppe_81.17,Gruppe_81.18,Gruppe_81.19,Gruppe_81.20,Gruppe_81.21,Gruppe_81.22,Gruppe_81.23,Gruppe_81.25,Gruppe_81.27,Gruppe_81.28,Gruppe_81.29,Gruppe_81.30,Gruppe_81.31,Gruppe_81.32,Gruppe_81.34,Gruppe_81.35,Gruppe_81.36,Gruppe_81.37,Gruppe_81.38,Gruppe_81.39,Gruppe_81.40,Gruppe_81.41,Gruppe_81.44,Gruppe_81.45,Gruppe_81.50","
				<p xmlns:xsi=""http://www.w3.org/2001/XMLSchema-instance"">Journalgrupperne i hovedgruppe 81 omfatter bl.a. sager, der administreres/behandles i henhold til f&#248;lgende lovgivning:</p>
				<p xmlns:xsi=""http://www.w3.org/2001/XMLSchema-instance"">
					<ul>
						<li>Lov om organisering og underst&#248;ttelse af besk&#230;ftigelsesindsatsen m.v.</li>
						<li>LBK om Arbejdsgivernes Elevrefusion</li>
						<li>LBK om arbejdsl&#248;shedsforsikring m.v.</li>
						<li>LBK om Arbejdsmarkedets Till&#230;gspension (ATP-loven)</li>
						<li>LBK om ferielov (Ferieloven)</li>
						<li>LBK om kommunernes styrelse (Kommunestyrelsesloven)</li>
						<li>LBK om lige l&#248;n til m&#230;nd og kvinder (Ligel&#248;nsloven)</li>
						<li>LBK om ligebehandling af m&#230;nd og kvinder med hensyn til besk&#230;ftigelse m.v.</li>
						<li>LBK om ligestilling af kvinder og m&#230;nd (Ligestillingsloven)</li>
						<li>LBK om L&#248;nmodtagernes Dyrtidsfond</li>
						<li>LBK om l&#248;nmodtageres retsstilling ved virksomhedsoverdragelse (Virksomhedsoverdragelsesloven)</li>
						<li>LBK om pensioner efter tidligere tjenestemandslove mv.</li>
						<li>LBK om tjenestemandspension (Tjenestemandspensionsloven)</li>
						<li>LBK om tjenestem&#230;nd i folkeskolen m.v.</li>
						<li>Lov om brug af helbredsoplysninger mv. p&#229; arbejdsmarkedet (Helbredslov)</li>
						<li>Lov om indhentelse af b&#248;rneattest i forbindelse med ans&#230;ttelse af personale m.v. (B&#248;rneattestloven)</li>
						<li>Lov om offentlighed i forvaltningen (Offentlighedsloven)</li>
						<li>Lov om statens voksenuddannelsesst&#248;tte (SVU-loven)</li>
						<li>Lov om uddannelsen til professionsbachelor som p&#230;dagog</li>
						<li>BEK om beregning af bidrag til Arbejdsmarkedets Erhvervssygdomssikring</li>
						<li>BEK om dagpengegodtg&#248;relse for 1., 2. og 3. ledighedsdag (G-dage)</li>
						<li>BEK om fordeling af aktiver og passiver, rettigheder og pligter og ansatte som f&#248;lge af opgaveflytninger den 1. januar 2007 i forbindelse med kommunalreformen</li>
						<li>BEK om kompensation til handicappede i erhverv m.v.</li>
						<li>BEK om rejse- og befordringsgodtg&#248;relse</li>
						<li>BEK om tjenestefrihed og l&#248;nafkortning for tjenestem&#230;nd, der varetager ombud o.l. (Ombudsbekendtg&#248;relsen)</li>
						<li>BEK om tjenestemandspensionsforpligtelser i forbindelse med kommunalreformen</li>
						<li>BEK om valg af for&#230;ldrerepr&#230;sentanter til skolebestyrelser i folkeskolen og om vederlag til for&#230;ldre- og elevrepr&#230;sentanter i skolebestyrelser i folkeskolen
(SkolebestyrelsesBEKn)</li>
						<li>BEK om vederlag, di&#230;ter, pension mv. for varetagelse af kommunale hverv (Vederlagsbekendtg&#248;relsen)</li>
					</ul>
				</p>
				<p xmlns:xsi=""http://www.w3.org/2001/XMLSchema-instance"">Den personalem&#230;ssige administration vedr&#248;rende folkevalgte er ogs&#229; omfattet af hovedgruppe 81.</p>
			
		",[[Category:NaN_KLE_Data]]
Hovedgruppe_82,82,Kommunens ejendomme og lokaler,1988-01-01,2011-05-01,"FolkeskolenDelplan,DagtilbudDelplan,KommunalVandDelplan,PrivatVandDelplan,JobcenterDelplan","Gruppe_82.00,Gruppe_82.01,Gruppe_82.02,Gruppe_82.03,Gruppe_82.04,Gruppe_82.05,Gruppe_82.06,Gruppe_82.07,Gruppe_82.08,Gruppe_82.09,Gruppe_82.10,Gruppe_82.11,Gruppe_82.12,Gruppe_82.13,Gruppe_82.14,Gruppe_82.16,Gruppe_82.18,Gruppe_82.19,Gruppe_82.20,Gruppe_82.21,Gruppe_82.25","
				<p xmlns:xsi=""http://www.w3.org/2001/XMLSchema-instance"">Hovedgruppe 82 omfatter bl.a. sager, der administreres/behandles i henhold til f&#248;lgende lovgivning:</p>
				<p xmlns:xsi=""http://www.w3.org/2001/XMLSchema-instance"">
					<ul>
						<li>Lov om offentlig byggevirksomhed</li>
						<li>BEK om energim&#230;rkning af bygninger</li>
						<li>BEK om offentligt udbud ved salg af kommunens henholdsvis regionens faste ejendomme</li>
						<li>BEK om tilg&#230;ngelighedsforanstaltninger i forbindelse med ombygninger i eksisterende byggeri</li>
					</ul>
				</p>
			
		",[[Category:NaN_KLE_Data]]
Hovedgruppe_83,83,Kommunens driftsmidler og inventar,1988-01-01,2012-08-01,"FolkeskolenDelplan,DagtilbudDelplan,KommunalVandDelplan,PrivatVandDelplan,JobcenterDelplan","Gruppe_83.00,Gruppe_83.01,Gruppe_83.02,Gruppe_83.03,Gruppe_83.04,Gruppe_83.05,Gruppe_83.06,Gruppe_83.07,Gruppe_83.08,Gruppe_83.09,Gruppe_83.10,Gruppe_83.11,Gruppe_83.12,Gruppe_83.13,Gruppe_83.15,Gruppe_83.16,Gruppe_83.23,Gruppe_83.25,Gruppe_83.26,Gruppe_83.27,Gruppe_83.28,Gruppe_83.29,Gruppe_83.30,Gruppe_83.31,Gruppe_83.32,Gruppe_83.33,Gruppe_83.34,Gruppe_83.35,Gruppe_83.36,Gruppe_83.37,Gruppe_83.38","
				<p xmlns:xsi=""http://www.w3.org/2001/XMLSchema-instance"">Hovedgruppen har tidligere v&#230;ret annonceret til udfasning i 2013, med hovedgruppe 88 Udbud som afl&#248;ser. Nogle brugere har imidlertid &#248;nsket gruppen opretholdt af hensyn til h&#229;ndtering af sager om indk&#248;bte driftmidler og inventar. KLE Redaktionen arbejder p&#229; en model for udvidelse af KLE til brug som et varekatalog i &#248;konomisystemer, hvor et emne bliver lig med en varelinje ifm indk&#248;b. I den forbindelse vurderes ogs&#229; sammenh&#230;ngen til nuv&#230;rende hovedgruppe 83.</p>
				<p xmlns:xsi=""http://www.w3.org/2001/XMLSchema-instance"">Gruppen omfatter bl.a. sager, der administreres/behandles i henhold til f&#248;lgende lovgivning:</p>
				<p xmlns:xsi=""http://www.w3.org/2001/XMLSchema-instance"">
					<ul>
						<li>LBK om social service (Serviceloven)</li>
						<li>BEK af s&#248;loven (S&#248;loven)</li>
						<li>BEK om licens (Licensbekendtg&#248;relsen)</li>
						<li>BEK om indretning og udstyr for traktorer og motorredskaber mv. (Traktorbekendtg&#248;relsen)</li>
					</ul>
				</p>
			
		",[[Category:NaN_KLE_Data]]
Hovedgruppe_84,84,Offentlige valg,1988-01-01,,"FolkeskolenDelplan,DagtilbudDelplan","Gruppe_84.00,Gruppe_84.01,Gruppe_84.02,Gruppe_84.03,Gruppe_84.04,Gruppe_84.05,Gruppe_84.06,Gruppe_84.07,Gruppe_84.08,Gruppe_84.09,Gruppe_84.10,Gruppe_84.11,Gruppe_84.12","
				<p xmlns:xsi=""http://www.w3.org/2001/XMLSchema-instance"">Udfasningen af hovedgruppe 84 er forel&#248;bigt sat i bero indtil der p&#229; et senere tidspunkt oprettes en ny hovedgruppe under s&#248;jlen 'kommunens virksomhed' (HG 01-79)</p>
				<p xmlns:xsi=""http://www.w3.org/2001/XMLSchema-instance"">Oprindelig servicetekst: Hovedgruppe 84 omfatter bl.a. sager, der administreres/behandles i henhold til f&#248;lgende lovgivning:</p>
				<p xmlns:xsi=""http://www.w3.org/2001/XMLSchema-instance"">
					<ul>
						<li>LBK om folkeskolen (Folkeskoleloven)</li>
						<li>LBK om kommunale og regionale valg (Kommunal- og regionalvalgloven)</li>
						<li>LBK om retssikkerhed og administration p&#229; det sociale omr&#229;de (Retssikkerhedsloven)</li>
						<li>LBK om st&#248;tte til folkeoplysende voksenundervisning, frivilligt folkeoplysende foreningsarbejde og dagh&#248;jskoler samt om Folkeuniversitetet (Folkeoplysningsloven)</li>
						<li>LBK om valg til Folketinget (Folketingsvalgloven)</li>
						<li>LBK om valg til menighedsr&#229;d (Menighedsr&#229;dsvalgloven)</li>
						<li>LBK om valg af danske repr&#230;sentanter til Europa-Parlamentet (Europa-Parlaments-valgloven)</li>
						<li>BEK om valg af for&#230;ldrerepr&#230;sentanter til skolebestyrelser i folkeskolen og om vederlag til for&#230;ldre- og elevrepr&#230;sentanter i skolebestyrelser i folkeskolen (Skolebestyrelsesbekendtg&#248;relsen)</li>
					</ul>
				</p>
				<p xmlns:xsi=""http://www.w3.org/2001/XMLSchema-instance"">I journalgrupperne under hovedgruppe 84 journaliseres sager, hvor der er tale om et direkte valg af borgere og/eller brugere. Med direkte valg menes, at der finder en opstilling sted og en valghandling med afgivelse af stemme p&#229; stemmesedler mv.</p>
				<p xmlns:xsi=""http://www.w3.org/2001/XMLSchema-instance"">Er der derimod tale om konstituering, neds&#230;ttelse, oprettelse, udpegning anvendes facetten A30, kombineret med relevant emne. Skal kommunen eksempelvis udpege en kommunal repr&#230;sentant i en boligforening er der ikke tale om en valghandling. Derfor journaliseres sagen med med 03.02.00 A30. Drejer sagen sig derimod om, hvem der er valgt til boligforeningens bestyrelse, bruges i stedet facet A08, og det f&#230;rdige journalnummer vil v&#230;re 03.02.00A08.</p>
			
		",[[Category:NaN_KLE_Data]]
Hovedgruppe_85,85,Kommunens administrative systemer,1988-01-01,,"FolkeskolenDelplan,DagtilbudDelplan,KommunalVandDelplan,PrivatVandDelplan,JobcenterDelplan","Gruppe_85.00,Gruppe_85.01,Gruppe_85.02,Gruppe_85.03,Gruppe_85.04,Gruppe_85.08,Gruppe_85.10,Gruppe_85.11,Gruppe_85.13,Gruppe_85.15,Gruppe_85.16","
				<p xmlns:xsi=""http://www.w3.org/2001/XMLSchema-instance"">Hovedgruppe 85 omfatter bl.a. sager, der administreres/behandles i henhold til f&#248;lgende lovgivning:</p>
				<p xmlns:xsi=""http://www.w3.org/2001/XMLSchema-instance"">
					<ul>
						<li>BEK af arkivloven (Arkivloven)</li>
						<li>Lov om behandling af personoplysninger (Persondataloven)</li>
						<li>Lov om elektroniske kommunikationsnet og -tjenester</li>
						<li>Lov om elektroniske signaturer</li>
						<li>Lov om offentlige betalinger m.v.</li>
						<li>Lov om offentlighed i forvaltningen (Offentlighedsloven)</li>
						<li>BEK om arkiveringsversioner</li>
						<li>BEK om bevaring og kassation af arkivalier i kommunerne</li>
						<li>BEK om elektronisk afregning med offentlige myndigheder</li>
						<li>BEK om krav til information og samtykke ved lagring af eller adgang til oplysninger i slutbrugeres terminaludstyr</li>
						<li>BEK om offentlige arkivalier og om offentlige arkivers virksomhed (Arkivbekendtg&#248;relsen)</li>
						<li>BEK om sikkerhedsforanstaltninger til beskyttelse af personoplysninger, som behandles for den offentlige forvaltning</li>
						<li>Ombudsmandens Beretning: Utilstr&#230;kkelige s&#248;gemuligheder i journalsystem</li>
					</ul>
				</p>
			
		",[[Category:NaN_KLE_Data]]
Hovedgruppe_86,86,Kommunens selvforsyning og fremstillingsvirksomhed,1988-01-01,2011-05-01,"FolkeskolenDelplan,DagtilbudDelplan,KommunalVandDelplan,SaerligStoetteDelplan,JobcenterDelplan","Gruppe_86.00,Gruppe_86.01,Gruppe_86.02,Gruppe_86.03,Gruppe_86.04,Gruppe_86.05,Gruppe_86.06,Gruppe_86.07,Gruppe_86.09,Gruppe_86.11,Gruppe_86.15","
				<p xmlns:xsi=""http://www.w3.org/2001/XMLSchema-instance"">Hovedgruppe 86 vedr&#248;rer opgaver, hvor kommunen har selvforsyning frem for at lade andre l&#248;se opgaven. Producerer man og s&#230;lger til andre, bruges gruppe 24.15. Dette g&#230;lder ogs&#229; salg af knowhow.</p>
				<p xmlns:xsi=""http://www.w3.org/2001/XMLSchema-instance"">Hovedgruppe 86 omfatter bl.a. sager, der administreres/behandles i henhold til f&#248;lgende lovgivning:</p>
				<p xmlns:xsi=""http://www.w3.org/2001/XMLSchema-instance"">
					<ul>
						<li>Lov om pligtaflevering af offentliggjort materiale (Pligtafleveringsloven)</li>
					</ul>
				</p>
			
		",[[Category:NaN_KLE_Data]]
Hovedgruppe_87,87,Kommunens arbejdsmiljø,1996-01-01,2011-05-01,"FolkeskolenDelplan,DagtilbudDelplan,KommunalVandDelplan,PrivatVandDelplan,JobcenterDelplan","Gruppe_87.00,Gruppe_87.01,Gruppe_87.02,Gruppe_87.05,Gruppe_87.06,Gruppe_87.07,Gruppe_87.08,Gruppe_87.09,Gruppe_87.10,Gruppe_87.11,Gruppe_87.12,Gruppe_87.14,Gruppe_87.15,Gruppe_87.20","
				<p xmlns:xsi=""http://www.w3.org/2001/XMLSchema-instance"">Hovedgruppe 87 omfatter bl.a. sager, der administreres/behandles i henhold til f&#248;lgende lovgivning:</p>
				<p xmlns:xsi=""http://www.w3.org/2001/XMLSchema-instance"">
					<ul>
						<li>LBK om arbejdsmilj&#248; (Arbejdsmilj&#248;loven)</li>
						<li>Lov om r&#248;gfri milj&#248;er</li>
						<li>BEK om anvendelse af tekniske hj&#230;lpemidler</li>
						<li>BEK om arbejdets udf&#248;relse</li>
						<li>BEK om faste arbejdssteders indretning</li>
						<li>BEK om samarbejde om sikkerhed og sundhed</li>
						<li>BEK om unges arbejde (Ungebekendtg&#248;relsen)</li>
					</ul>
				</p>
			
		",[[Category:NaN_KLE_Data]]
Hovedgruppe_88,88,Kommunens indkøb og udbud,2011-08-01,,"FolkeskolenDelplan,DagtilbudDelplan,KommunalVandDelplan,PrivatVandDelplan,JobcenterDelplan","Gruppe_88.00,Gruppe_88.04,Gruppe_88.08,Gruppe_88.12,Gruppe_88.16,Gruppe_88.20,Gruppe_88.24","
				<p xmlns:xsi=""http://www.w3.org/2001/XMLSchema-instance"">Hovedgruppe 88 omfatter bl.a. sager, der administreres/behandles i henhold til f&#248;lgende lovgivning:</p>
				<p xmlns:xsi=""http://www.w3.org/2001/XMLSchema-instance"">
					<ul>
						<li>LBK om indhentning af tilbud p&#229; visse offentlige og offentligt st&#248;ttede kontrakter (Tilbudsloven)</li>
						<li>Lov om h&#229;ndh&#230;velse af udbudsreglerne m.v.</li>
						<li>BEK om fremgangsm&#229;derne ved indg&#229;else af kontrakter inden for vand- og energiforsyning, transport samt posttjenester</li>
						<li>BEK om fremgangsm&#229;derne ved indg&#229;else af offentlige vareindk&#248;bskontrakter, offentlige tjenesteydelseskontrakter og offentlige bygge- og anl&#230;gskontrakter</li>
					</ul>
				</p>
				<p xmlns:xsi=""http://www.w3.org/2001/XMLSchema-instance"">Vejledning til brug:</p>
				<p xmlns:xsi=""http://www.w3.org/2001/XMLSchema-instance"">
					<ul>
						<li>Form&#229;let med opbygningen af udbudsgruppen er, at den underst&#248;tter dokumentationen ifm. de forskellige typer af indk&#248;b, og de trin kommunen skal igennem i en udbudsproces. </li>
						<li>Genstanden for udbuddet (hvad udbuddet omhandler) tilf&#248;jes i sagstitlen.</li>
						<li>Konkrete udbudssager tilf&#248;jes facet G01.</li>
						<li>N&#229;r kontrakt indg&#229;s med leverand&#248;ren, og udbudsprocessen er gennemf&#248;rt, journaliseres selve kontrakten/driftssagen p&#229; relevant emne i KLE.</li>
						<li>Kontrakten/driftssagen tilf&#248;jes facet &#216;54.</li>
						<li>(Hovedgruppe 88-emnerne erstatter tidligere facet &#216;22)</li>
					</ul>
				</p>
				<p xmlns:xsi=""http://www.w3.org/2001/XMLSchema-instance"">Registreringen af varetypen kan i stedet ske ved brug af standardiserede varekataloger, som fx CPV, eller anden logik, som man lokalt aftaler at bruge.</p>
			
		",[[Category:NaN_KLE_Data]]
